,name,url,image,price_type,price,price_range,vendor,subvendor,rating,review_count
0,"Auusda 14"" Laptop, Intel J4125, 8GB RAM, 512GB SSD, W11 for Student & Office",https://www.ebay.com/itm/377025048834?_skw=laptop&itmmeta=01KQQ4YQGW0WV8BK148GENBYQK&hash=item57c871b102:g:9J0AAeSw~Dpp1fCb&itmprp=enc%3AAQALAAAAwGfYFPkwiKCW4ZNSs2u11xDN9CH24qHiAmjgBOAaZl1RX18ElV3j32U2gynXmKg5Gq4VqAUYIO5kQpvb0wwQq9srkITy5rJ4zUzNQAhKTOJ7yNVf%2BafqlnFpR%2Bpr5wb%2B4PAI6wR9sb3vOhl7R%2BiBzW%2F2wcHfaoVXzBWp4kVOTmDFluWeoqm8icaLYzdRtXRk7rRgdi%2BYVz1VOfdzIOstFk66aXKjSkQI0W2NjVZZiX7IJQIxDRgc%2BqVewwqPbckxnw%3D%3D%7Ctkp%3ABlBMUPz4-uS9Zw,https://i.ebayimg.com/images/g/9J0AAeSw~Dpp1fCb/s-l500.webp,discrete,16094.4635,,Ebay,auusda,,
1,"Dell Latitude 14"" Laptop Computer Intel i5 Up To 32GB RAM 1TB SSD Windows 11 Pro",https://www.ebay.com/itm/286601719329?_skw=laptop&itmmeta=01KQQ4YQGWBAM455S2RXKPDVD5&hash=item42bacb2e21:g:9MoAAeSwmHdpckMj&itmprp=enc%3AAQALAAAAwGfYFPkwiKCW4ZNSs2u11xAu0o6XfIGBoSCfACM66%2BgeSGsuxgfh7Z1ZXzI1x%2BiRhCzeutcew0cVTjZ72uS%2FykXUrw%2BdQycpazeUY8EeY7Yh83V6n2lwEKcx2vfkMSBDyTYFpaZntXO13ocn8kAmF3%2F0EOSlJWCc46RIasX6qunD5eRQ3dE%2B1yXu8tuk22NVF1PpDogJ3p6Ay1GcfXora8hjFM7xpCsX2cR6oznsjvU3rE2bTHddHWoIM%2FkpUKsKHg%3D%3D%7Ctkp%3ABlBMUPz4-uS9Zw,https://i.ebayimg.com/images/g/9MoAAeSwmHdpckMj/s-l500.webp,range,,"(11319.077, 27532.106999999996)",Ebay,discountcomputerdepot,,
2,"Dell Latitude 14"" Laptop Computer Intel i7 Up To 32GB RAM 1TB SSD Windows 11 Pro",https://www.ebay.com/itm/286865561827?_skw=laptop&itmmeta=01KQQ4YQGWZ5VXMDTXC7GF1K2N&hash=item42ca8518e3:g:fhcAAeSwcE5p163t&itmprp=enc%3AAQALAAAAwGfYFPkwiKCW4ZNSs2u11xAn0eJp96D%2FNa%2Fs9lPsfS3WdJOloRQ%2Fr003fCGUuzk5c6kwMPOuUh%2FO%2FTJin0oBzC3DgPkfsUlwAn0FVIoPrJIH%2BQZzwKr8wLe%2FJCEp5LrQYJyHMhEIvxSYokykCHRsbrVewT991meUCyxit1eSLqdROUDVjsz2f%2FToNwihWowwzhC%2BaN5mLSWP4ByKdWfIWUOy9qcqhdtd0GqeEsOxtLVmkgdObHi9r4rdd5Qn78kV5w%3D%3D%7Ctkp%3ABlBMUPz4-uS9Zw,https://i.ebayimg.com/images/g/fhcAAeSwcE5p163t/s-l140.webp,range,,"(17920.709499999997, 33614.943999999996)",Ebay,discountcomputerdepot,,
3,"Dell Latitude 5300 Laptop 13.3"" Core i5 8GB RAM 256GB SSD Windows 11 HDMI WiFi",https://www.ebay.com/itm/256714410251?_skw=laptop&itmmeta=01KQQ4YQGWTST1N2B0ZQ4WGMV6&hash=item3bc55f090b:g:~QwAAeSwQ5pp6YEn&itmprp=enc%3AAQALAAAAwGfYFPkwiKCW4ZNSs2u11xBI8dMYWA72ou7Qv4yTPMM984gRDCMwcJcKeXD%2FKXGn7J4hiR%2FLEAMiAEvdhDuQ%2F33jZLioOoluLW2cf8IAu29hx46cHEDbcttXj%2FVLdh2mZ2uP95U7pMhIt%2FsvPFYouo1fKZvPAr9%2B0hvo0L4x2ePGtRuaX6Zn98UD0BGPiIo5PLCnPx7H91Az5%2FLP%2FB0FL3acwTheOmod6Rso6DYjNlOYNWIOkOL8usAfO%2FTyK7nn7A%3D%3D%7Ctkp%3ABlBMUPz4-uS9Zw,https://i.ebayimg.com/images/g/~QwAAeSwQ5pp6YEn/s-l140.webp,discrete,10589.973499999998,,Ebay,discountcomputerdepot,,
4,"DELL CHROMEBOOK 3100 4GB RAM,16GB,CHROME OS NO CHARGER FREE SHIPPING S28",https://www.ebay.com/itm/168275183154?_skw=laptop&itmmeta=01KQQ4YQGWGHV3A14WFP5WBFTB&hash=item272dfb8632:g:cxoAAeSwPD9oYIb-&itmprp=enc%3AAQALAAAA4GfYFPkwiKCW4ZNSs2u11xA3ZSFoLBmhBLehglfKjzkdoYvlEmVIyD50L%2BBSbj2AH6R5dFEr526q8kRBdPx%2FiGt5Pqwh0ZegKIOuFsCvz5LvKE3Xm56vQoqDCqPB7PV8EOz6EDYBWEIinoGsocgcBYkU3ZFJmfz359GyuPyiMQ9%2FpHgMauPzu8QiyfYJBbhId4259E3JV2fiFXP6nScqmppXpDw9CznVIP4D9RsQ4BeeiVGMdjlL1mMsTmoy7OmWQ7jhdvWit1UcvS7W889abggBX9wFEVW%2Bm3tVNjtOGup5%7Ctkp%3ABk9SR_z4-uS9Zw,https://i.ebayimg.com/images/g/cxoAAeSwPD9oYIb-/s-l140.webp,discrete,1501.6635,,Ebay,do-all-1,,
5,"HP EliteBook x360 1040 G8 14"" | i7-1185G7, 32GB RAM, 512GB SSD, Touch, Win11 Pro",https://www.ebay.com/itm/366323683839?_skw=laptop&itmmeta=01KQQ4YQGWM1EZ9QGGHKMWNXZ3&hash=item554a97d1ff:g:AOcAAeSwsABp3-Hg&itmprp=enc%3AAQALAAAAwGfYFPkwiKCW4ZNSs2u11xB%2BPyMgHlFpUfn1WRX0r%2FF5ssNGRITPKdBd5PQvovbGpyY2uZ818cJtIKUW0%2BfjhWIcc25oktMSqre3PVUujrXx%2BSR4qMJ835KEVX149eGMU06gZWoa1zoT2FC14r6ET8zifAuLU7CK9VNeQPG7rI5BxP3JMxdSUuPQTFCn%2BPYiV1hOey5EzsCilL2M4KTqmvDh4SXpD2zpS%2FqJtxqEFfiRcl5G7UOtEIUrmInwCOzS%2Fw%3D%3D%7Ctkp%3ABk9SR_z4-uS9Zw,https://i.ebayimg.com/images/g/AOcAAeSwsABp3-Hg/s-l140.webp,discrete,21620.4135,,Ebay,ingrammicrorefurbished,,
6,"Dell Latitude 5510 Laptop - i5-10210U, 8GB RAM, 256GB SSD - Win11",https://www.ebay.com/itm/276645670644?_skw=laptop&epid=17051627847&itmmeta=01KQQ4YQGW5VSE6DJD09DWZARB&hash=item40695deef4:g:ttcAAOSwfTJm6eTb&itmprp=enc%3AAQALAAAAwGfYFPkwiKCW4ZNSs2u11xA9VJrJ0Xareulaumo2SmT5JJ0d%2FT5wJPWfR6d8e36Y67%2FSXl7E9PTfhNyRd%2Fif%2FXNxz6sAr9G%2BCQoCikGGi%2FAmRxznNkm7S7aOkTD1H%2FEGa2%2FlZ2sVUrIxWhoYRMHeg9XVh0FvFTgwsy6NTR7ih6%2F13svwpwde2QF14QZKH6PpjwRjIpcFfYS9%2FQep3jrBH2quXQt5400qQi9vDV57S9Y37RKWSNzLqmurmb6OXBcyjQ%3D%3D%7Ctkp%3ABk9SR_z4-uS9Zw,https://i.ebayimg.com/images/g/ttcAAOSwfTJm6eTb/s-l140.webp,discrete,8584.0,,Ebay,juluplus,,
7,Dell Latitude Business Laptop PC 13.3” FHD Core i7 16GB RAM 512GB SSD Windows 11,https://www.ebay.com/itm/256696935117?_skw=laptop&itmmeta=01KQQ4YQGWHBRXRJ3DZQXFCFP9&hash=item3bc45462cd:g:7PIAAeSw1URp4ta4&itmprp=enc%3AAQALAAAA4GfYFPkwiKCW4ZNSs2u11xDmjx20hOmNoKGtjI33hxhth9E%2FnOJJWkcp8pym32w9qGU5KORdafbELPuOlA0sVBzpgDNi18t66fp5FaJn7O%2FV7P%2FmAN%2BO5uouGYUUbmvRh%2B9cY6fqNBsJj%2BU7AeiN4qI2JCDn48eGnqOzPUR93%2BVCvE1d06Ku5zJE55xQMM62aIpEeWHVaXG%2BUg0Fdd0coCNQygF1MXAvrWAH8cXl0CQeHzR3Ck7bAuYLztmFFUne6rpuQPgRiLRzPf%2Fb14GN8Ild14CKE1Xb801sPS6SofXg%7Ctkp%3ABk9SR_z4-uS9Zw,https://i.ebayimg.com/images/g/7PIAAeSw1URp4ta4/s-l140.webp,discrete,16204.446,,Ebay,discountcomputerdepot,,
8,Lenovo IdeaPad Slim 3 15IRU8 15.6'' (256GB SSD Intel Core i3-1315U 1.2GHz 8GB...,https://www.ebay.com/itm/406900239223?_skw=laptop&epid=17061555819&itmmeta=01KQQ4YQGWFRM3H5RFWZA6DMK0&hash=item5ebd24eb77:g:dSoAAeSw4GNp9qBg&itmprp=enc%3AAQALAAAAwGfYFPkwiKCW4ZNSs2u11xAQj%2BvOxF3SNH0HETm4OfAx2c14T9bEMpX6d4dV4deebI4S79A%2BMzJxfF%2BbGqhM5sI48c0b7OYHWod8Mik%2BJecOWD0x2s7IjO%2B61gzV%2Fh4qU4USds3xvQiXSIiboAH6nAvZ220wj9Cp6MeEhl%2FCHD7%2FsxcNwkuQq9xZABPvYHgIKx1TvAvkEMHqZ9DKOR52QBzdoDhiy4nZCDHUFlzKOc4ViYKp5S9MO%2FWXZMej4UFs7w%3D%3D%7Ctkp%3ABk9SR_z4-uS9Zw,https://i.ebayimg.com/images/g/dSoAAeSw4GNp9qBg/s-l140.webp,discrete,6974.5,,Ebay,electronic_reseller,,
9,Dell Latitude 5580 15.6” Laptop Intel i5-7300HQ 16GB RAM 256GB SSD Windows 11 Pr,https://www.ebay.com/itm/206241249529?_skw=laptop&itmmeta=01KQQ4YQGW746JQK1187XW8J95&hash=item3004efb8f9:g:tvUAAeSw5-9p8qkd&itmprp=enc%3AAQALAAAAwGfYFPkwiKCW4ZNSs2u11xBb3%2FsHACk4awJrCxaJFfGRN0ykdAXyuaiOX3DbEMPUddDQ5Uw%2FsxwOci1qdKhU1SIq1yUhVKEzGlej3B2qnTfFgtAULlHD1uSvzkDfFpx9LZgL%2F3B8dlZfXMBS1f0wDHssV2Ffr3Sf1jHLURt44FSy6plg3h2XWaKTc4qQRPOnofzL%2BPFL%2B3HZ7IQQLb4LR3Bem7QGuVrVkV4sc8DsIVQ3sanUjTd7vPtu2bHrKxyt6A%3D%3D%7Ctkp%3ABk9SR_z4-uS9Zw,https://i.ebayimg.com/images/g/tvUAAeSw5-9p8qkd/s-l140.webp,discrete,10139.85,,Ebay,techregenx,,
10,"Dell Latitude 5500 15.6"" FHD Laptop Core i5 16GB RAM 256GB SSD Windows 11 WiFi",https://www.ebay.com/itm/256580694395?_skw=laptop&itmmeta=01KQQ4YQGWR5RX9G82DY3M516V&hash=item3bbd66b17b:g:pMUAAeSwVnNp8A7r&itmprp=enc%3AAQALAAAA4GfYFPkwiKCW4ZNSs2u11xC1GaShEvco9ucp1qi6K%2B%2F0KjI6rgozt6QtR54KoJxBOytilR2Dkd9FxsnryuRIc%2BzjareyEB9vl17LbR0h9ufINhfIugZ%2Bcq6bI0E%2BTgXmkZEXNVXPXGc%2FQ8sKTtLDjy1yuY95ob3Z28zyKjpE0gKGvNzNNLCv18FAHwZerUzj6V1pOKJrrun%2FFv1xyzH2fve5LGRBPl%2FCaDHvZNnZPnD074j%2BAcovrezwwoi4hTJjFonWiBdw4i%2BDGg7tA4xIGS401pITSyynMpY6T35KiRP1%7Ctkp%3ABk9SR_z4-uS9Zw,https://i.ebayimg.com/images/g/pMUAAeSwVnNp8A7r/s-l140.webp,discrete,12362.033,,Ebay,discountcomputerdepot,,
11,"HP Elitebook 845 G8 14"" FHD Laptop AMD Ryzen 5 PRO 5650U 32GB 256GB W11P",https://www.ebay.com/itm/168327587260?_skw=laptop&itmmeta=01KQQ4YQGWMCDXE2C2572GDVGM&hash=item27311b25bc:g:hWIAAeSwhS1p912O&itmprp=enc%3AAQALAAAAwGfYFPkwiKCW4ZNSs2u11xB%2BCFaZ2pQWueSQgS%2BWgKnKFd2Qk9lnLWIVlrStcuFH2QzF669Cx7Bc%2BLc%2Bbc3TAjbtx8UrLxoylxBwb%2B3fHO7qSXhl9ks8CGapMzsnGAaaRRFdhF9mHH6y7zab8KRGVCCX%2FXncEu5R5AHFz0OJSUo54mBh2g1i9sN0MPdnTNvPLUn%2B3PhcWNUrbsIX%2Fu219gvR7ycsR%2FpPdctS4hpkYOP%2BrBCzbjSez4DRhb%2F7zpjpxA%3D%3D%7Ctkp%3ABk9SR_74-uS9Zw,https://i.ebayimg.com/images/g/hWIAAeSwhS1p912O/s-l140.webp,discrete,17703.9635,,Ebay,primetimebuys,,
12,"HP ProBook x360 11 G5 EE 2-in-1 Laptop 11.6"" Pentium N5030 8GB RAM 256GB SSD",https://www.ebay.com/itm/306886043391?_skw=laptop&itmmeta=01KQQ4YQGWW6SMZ498KJZ4X2AR&hash=item4773d566ff:g:474AAeSwwelp4jza&itmprp=enc%3AAQALAAAAwGfYFPkwiKCW4ZNSs2u11xBDsT2T7WSksc53ruwynVIcRXhVhkUhDOzCbr%2B6j6GRRYvR%2BhXcSCIgUXwwanAD3fSXW68%2BFd5wGNyDyPBaKGytnSa9jkGl%2BEELdwBUINCuvFTMLUQBTZOifvZrzI5gDCznHuehqrl9tXnHwQvVINLfOtfxzFL67IdQnZbnGhFSeyoC%2F4rWWGq0Nqu2T1D5q84ouMrtfrBDU4OskeFiv8tLmUik7fK1vatitLgPLB4zUg%3D%3D%7Ctkp%3ABk9SR_74-uS9Zw,https://i.ebayimg.com/images/g/474AAeSwwelp4jza/s-l140.webp,discrete,5686.9,,Ebay,hawk_line,,
13,Dell Latitude 5430 Laptop Computer PC Intel i5 Up To 32GB RAM 1TB SSD Windows 11,https://www.ebay.com/itm/286393092388?_skw=laptop&itmmeta=01KQQ4YQGWF0R52C2ATZKCHZ00&hash=item42ae5bc924:g:0DgAAeSw9G5p5kZ6&itmprp=enc%3AAQALAAAAwGfYFPkwiKCW4ZNSs2u11xAYp79mZk36luKcCQwI1nCHcgz%2Fk1sDJLMaL55Qx2KT3F64WIL56sgvbcV%2FS5YosNM36FB223wZB%2BnHAPq%2BeyOomB0cm%2FUssLNmhVW1Lvc%2BfMe%2F5lFzEal5XOiusZDRY4K71z9dbrLHFD3riG4ZzORAFl%2B3Dfr3pqmeeq4GzRm7X7wX4RRfttxEto11truwCNAwQODe%2F%2B2PLS4GUQcAFN1Gj29FxtRWvlhbkJmM%2BF72%2Bw%3D%3D%7Ctkp%3ABlBMUP74-uS9Zw,https://i.ebayimg.com/images/g/0DgAAeSw9G5p5kZ6/s-l140.webp,range,,"(12026.7205, 27717.1995)",Ebay,discountcomputerdepot,,
14,Toshiba Dynabook i7 10th Gen 512GB SSD 16GB Windows 11 Pro Wifi-6 HDMI Laptop,https://www.ebay.com/itm/336098802215?_skw=laptop&itmmeta=01KQQ4YQGW048Z8PVMT0CYAW4S&hash=item4e410cba27:g:Fa4AAOSwPk5n6st9&itmprp=enc%3AAQALAAAAwGfYFPkwiKCW4ZNSs2u11xCkEYhXTe21Rl43ape50d9afH5uQk1mvjNNeLC6ifXRRQ2gNQRTVAryZ%2B03sBttbfT3yzcMW4X0F9ROuJ19Zi0OzsLWIogQNCe4aI8grpM29Afzoz%2Bvhv9%2FgW4j0z0GPuOUFBVNSJLdCr4KulsU9J4L%2BYKUpXpQLA%2F1A%2Fv6XegtgPLIRy%2B39uFji2ha5Cd6tQtGG5xwyTPHynkpD%2FHFnzN6EnsrfnstLaRyLKnPXG2MFw%3D%3D%7Ctkp%3ABlBMUP74-uS9Zw,https://i.ebayimg.com/images/g/Fa4AAOSwPk5n6st9/s-l140.webp,discrete,10086.2,,Ebay,ticktock1-2-3,,
15,"Dell Latitude 5411 14"" Laptop, Intel Core i7, 16GB RAM, 256GB SSD, Win11 Pro. (R",https://www.ebay.com/itm/205801280241?_skw=laptop&epid=4091398293&itmmeta=01KQQ4YQGWVW0KRR6FT95RZTCK&hash=item2feab652f1:g:M4YAAeSwRe1o-Tm9&itmprp=enc%3AAQALAAAAwGfYFPkwiKCW4ZNSs2u11xA3A0KMvkAF%2BIlY5mXkhMgjcpHE31%2BTeVjLpJ32EjrOH0JDj0z5OAetI1TULXeX6vHfcto7JEYyEVugb2jV2j4%2B5wqoHfIpLhJUIzJyDxiy6a9tGlI7wQVIr%2FBzbbJ6gv3SGr3WNrswMS%2BbTe%2FciTvYt3lrAbr8KRZH1Eq%2Fp6yyaeCyUdG9ywqyWI7J4%2B6J6DwRWXftVdRFYqVz3pSa9FYNNBmRBXJP3IoH6LJw1chtUw%3D%3D%7Ctkp%3ABlBMUP74-uS9Zw,https://i.ebayimg.com/images/g/M4YAAeSwRe1o-Tm9/s-l140.webp,discrete,14431.85,,Ebay,refurbit_ca,,
16,HP EliteBook 840 G7 14in i5‑10310U 16GB 512GB SSD Win11 Pro Refurbished,https://www.ebay.com/itm/366379283305?_skw=laptop&itmmeta=01KQQ4YQGW9GAJ90V4NVBN9VV4&hash=item554de83369:g:JGMAAeSw7T5p4O0u&itmprp=enc%3AAQALAAAA4GfYFPkwiKCW4ZNSs2u11xA%2B4mASJwnwKmDrL%2Bi%2BS3RYDLBo66udfyiDcPoBUctknP9BQpWkCUT04N3PDvGrjoIcTXw5QdBG0x%2BFVugAgM1%2B2EUQFmnUOZfKUdTtJTlZ1NtscASroNsC%2FqxjEIIkfb%2BFSsxtPOHMt6LEPMah7drKvX5574onVKzTMArEEEPSpxiox3yUEF4u9yKeiuwryMJsSttaMJwkXWbhmfflNUYswYWbCtnP21f5U1W9LavW5xcF536MByY3f1cpwSkClAyx0%2BPsLgCk6m0zC%2FEjkVvF%7Ctkp%3ABk9SR_74-uS9Zw,https://i.ebayimg.com/images/g/JGMAAeSw7T5p4O0u/s-l140.webp,discrete,12339.5,,Ebay,ingrammicrorefurbished,,
17,"Microsoft Surface Laptop 3 15"" i7-1065G7 16GB 256GB SSD W11 1872 | EXCELLENT",https://www.ebay.com/itm/327090577030?_skw=laptop&itmmeta=01KQQ4YQGW017M80T2XJNMM60B&hash=item4c281e1e86:g:s-EAAeSwcZRpzC4k&itmprp=enc%3AAQALAAAAwGfYFPkwiKCW4ZNSs2u11xCj%2BIpHU6s7QXjs%2F9hXnl5Ch%2FRZrx95AGYd68uBdswHP81ncK9jFk%2FaQ6CErfLkvz8A7NiJh5nv%2BPwSq9ROHxpq%2BV4CYbLkMQsgp3CAsj87tzzpT2neM2hW%2FNm3fjh%2F9bc7sbzwDDrsj1hgG0hqzPInB413jdMGwoVP%2BCYQ2t%2Fi2MOlOyfcF2SXB6Ur3htfJRXIMkUfu%2BR6Q6Dwb3eYVN9ftodHR%2Fnyo84hRuZG348mrg%3D%3D%7Ctkp%3ABk9SR_74-uS9Zw,https://i.ebayimg.com/images/g/s-EAAeSwcZRpzC4k/s-l140.webp,discrete,12875.4635,,Ebay,synergyindustrial,,
18,Dell Latitude E5430 Laptop - Intel Core i5 - 500GB SSHD - 16GB RAM - Win 10 Pro,https://www.ebay.com/itm/336563019033?_skw=laptop&itmmeta=01KQQ4YQGWVHQM7KVZN1JC32CK&hash=item4e5cb81d19:g:Y6oAAeSwICVp9Qpm&itmprp=enc%3AAQALAAAAwGfYFPkwiKCW4ZNSs2u11xAlUzFBrdq1bZuzQzEUryeKf3UyNX%2B%2Bg19hphxpwTMVj4y5ORQB%2F1oZLL6kzuJjFEekkSf%2BOMNPmMxo%2FIHpv9U5%2BtjUX9XiYF%2B%2BF97bZMNkZHH0MNlauHYosZl6jnV5trxmZNjqfRuBYALXdmqTPboxcSNmHPNDDzzZWLzd706mzaxtGbl1lIDvcLQvVqGdQxXgMqVhK%2F8YoIJvPkuI%2B4V2MGI7VMjTM6zuzz2w4eIZVQ%3D%3D%7Ctkp%3ABk9SR_74-uS9Zw,https://i.ebayimg.com/images/g/Y6oAAeSwICVp9Qpm/s-l140.webp,discrete,5311.349999999999,,Ebay,fishordieah,,
19,"Dell Latitude 3189 11.6"" 2-in-1 Touch Laptop Celeron 4GB 64GB SSD Windows 11 !!",https://www.ebay.com/itm/326605385607?_skw=laptop&itmmeta=01KQQ4YQGWJKKNG4Z631JSVQYQ&hash=item4c0b32af87:g:8GAAAOSwDwtjGz5F&itmprp=enc%3AAQALAAAA4GfYFPkwiKCW4ZNSs2u11xB1TP56hQ53DukuQzaH%2BfXENVgi1ZwsY1RWzFv5C6SDoIooMiJL49XormxD31wnlu%2BVxHUHm4lqKXUnTnEVB2gJHVExUmmJJ04B2253MHh00mupKIjiHk2E92dLL%2B7NPgiKAIRxMw9XWA5V2oVh6P97yN6%2FLUo0PFkpjQEDe5I82eT3ea%2Fnxsx0wU2HZiv01%2FuOBPNKRz3G2Yj%2BYjy%2BGX4RCgQCRFkYHguz53f5pVH98N0z%2BPBwyDSBwK5glsmnG0a7rSGXxKliv1ZjwrCx%2Fevl%7Ctkp%3ABk9SR_74-uS9Zw,https://i.ebayimg.com/images/g/8GAAAOSwDwtjGz5F/s-l140.webp,discrete,4104.224999999999,,Ebay,jcs_computer_store,,
20,"HP ProBook x360 11 G1 11.6"" TouchScreen Notebook PC 4GB 128GB SSD Windows 10 Pro",https://www.ebay.com/itm/305435159923?_skw=laptop&itmmeta=01KQQ4YQGWCSB34HWQK20B91ZC&hash=item471d5aad73:g:yxkAAOSwjt5l54Ns&itmprp=enc%3AAQALAAAAwGfYFPkwiKCW4ZNSs2u11xBC%2BdsuypIMkeVbIDW04sIhM%2BknebSN7SjH5ZDZRBTcj%2B3VFgufkyyov%2FpCFQLgKQnd8I6lX5hxeUxiZXrM8dpdAZXD4BQc%2BP7HlxZC%2FJD6zF5NKnMl3S3WLshJjKiLx%2B033Hq4qnN5Z0NZ0VqQp3mUvbo1RAHQy8coryhYmfaVlCKsX68oyk3b7T0iRtUbDbLcoqiMUpYOZmHLVhUEzFccOqWQ5%2FFwwIIKXb21e7t8lg%3D%3D%7Ctkp%3ABk9SR_74-uS9Zw,https://i.ebayimg.com/images/g/yxkAAOSwjt5l54Ns/s-l140.webp,discrete,4184.7,,Ebay,hawk_line,,
21,"Samsung Chromebook 4 (16GB eMMC, Intel Celeron, 1.10 GHz, 16GB) Laptop - Gray",https://www.ebay.com/itm/127775559788?_skw=laptop&epid=10036212178&itmmeta=01KQQ4YQGW165YD6Q4CZH92PPZ&hash=item1dc004506c:g:fm0AAOSwAMRjkaLl&itmprp=enc%3AAQALAAAA4GfYFPkwiKCW4ZNSs2u11xDmPyZv9e1NLNwI0DU6VjYIIvSCecwwyGXdcR07eB7U25Tl1JOJN03urd6jiNcwGyFEih2s6n7rJ%2Fn227GIASowZVo%2FnldHjfkRsHA5KsaDIdld7Q7vHmUdaLXxGJvkFS%2FyA8RuTzy595xhWrOKBp3MDgki8fITyVNg3iB7qZKDNqp37nGJYmMJ0%2BILhSlDr06SPb6J3knVfpgR%2BvAdEg%2FvbqXNoD2Uh0v9DH80b4tCHDzgZUA2boZvqOGDpKCiuuDRMYu1sSTiQ%2B3fCUjD3IR%2B%7Ctkp%3ABk9SR_74-uS9Zw,https://i.ebayimg.com/images/g/fm0AAOSwAMRjkaLl/s-l140.webp,discrete,2679.8175,,Ebay,swiftspend0326,,
22,"Dell Latitude 3180 - 11.6"" - Celeron N3350 1.1GHz - 4GB 64GB SSD - Win10 Pro",https://www.ebay.com/itm/117164042504?_skw=laptop&itmmeta=01KQQ4YQGX7Q690X8ZT9XQXF4H&hash=item1b47856908:g:CKQAAeSwasZpu2JF&itmprp=enc%3AAQALAAAA4GfYFPkwiKCW4ZNSs2u11xCGGB5Kl4HCXxT%2Fe6D7OrkXzR0dxIVkCP0eB8vWytpjrm526Ta7%2FEOFs00ZpQr%2F%2B6i3gzdP9KKmd4%2FxO175esyXo5r5Dr0Ri8gcQWxxwD7FDSKkOsX6IcGKbi28XcrOLuqCrMFHrsLHQAlTLNIcHuozweRqLbfHnJQqQ6k3BSz1weXDRAsRPuoii%2F92Zy%2BuKQsLYskO1J80ghgJqi0V6pHJPnUzV9znY%2BFcRK2mn5fYCjI7KJWYs%2FUivmTDNhWzpXgoKNoWJPGBQY89gyeiLK2D%7Ctkp%3ABk9SR_74-uS9Zw,https://i.ebayimg.com/images/g/CKQAAeSwasZpu2JF/s-l140.webp,discrete,1609.5,,Ebay,sysvol1024,,
23,Dell Latitude 5330 2-in-1 Touch 13.3” FHD Core i7 32GB RAM 256GB SSD Win 11 Pro,https://www.ebay.com/itm/257136599363?_skw=laptop&itmmeta=01KQQ4YQGXYNYW9QGE531JZV9D&hash=item3bde892143:g:utwAAeSwXVho3tl3&itmprp=enc%3AAQALAAAA4GfYFPkwiKCW4ZNSs2u11xCCP%2BNf8xqhdAkYR%2BQAUjXa4AFxhx4HL9KYEwq7Osvc3Jw9bQ3c6NZfJSjHqNrZLf7GNltxWtOr8E6tiqlsrbqoZed1z9Z6W1ARecTDI9TRHYrqK%2BP0wWS%2FLA%2FuxyZr2MnZUQDU8Riph2Gq5Uol6oDKAB88rR3seRnk281u4CNAthD%2FqaLRJTczBDyTo2EilI1eWKrXtzhuVJuBX3ymFX5O4zz8WWyc8Mae1EvcrFgj9%2FqHDVTofpFwtuYcDl%2FJN3MUFjGnIEpYjLB8I%2BNHSqy1%7Ctkp%3ABk9SR_74-uS9Zw,https://i.ebayimg.com/images/g/utwAAeSwXVho3tl3/s-l140.webp,discrete,19820.9925,,Ebay,discountcomputerdepot,,
24,"HP ProBook x360 11 G2 2-in-1 11.6"" Intel Core i5-7Y54 @1.2 GHz 8GB RAM 128GB SSD",https://www.ebay.com/itm/306613641805?_skw=laptop&epid=3033405371&itmmeta=01KQQ4YQGXRK72QGFY1XCNCBGM&hash=item476398e24d:g:aXMAAOSw38tmzL2e&itmprp=enc%3AAQALAAAA4GfYFPkwiKCW4ZNSs2u11xAiZR7kjmKCEBAbOB7L90QuWJCrnfrMg71PsvraC%2FFe2vZyRfBjE5FIOcCVpE6%2F4jR7bpn7uRG8M%2BS2w3pyHNq9hhaks4zA3XCOpafqz2jtZB7dZxOXxpUmkpT56LTDZFQHD%2FqTcDQe7haxzhof2vYzBJBKj02lLpjErMOYEVr8YUHz6T7bt%2BuFNLfnWKRR5GH0ZJEL1akxU6jRwvsdo9UnXq2aqgU%2BuLIk5rNoLnZliy8vI%2FyZrlAXMb4NjQVW5Z1i7GaJJ8fxqTIaQZfRclL%2B%7Ctkp%3ABk9SR_74-uS9Zw,https://i.ebayimg.com/images/g/aXMAAOSw38tmzL2e/s-l140.webp,discrete,4718.5175,,Ebay,hawk_line,,
25,Dell Latitude 15.6” FHD Core i5 Laptop PC Up To 32GB RAM 1TB SSD Windows 11,https://www.ebay.com/itm/256879744174?_skw=laptop&itmmeta=01KQQ4YQGXWNVZP737Q7EB04TJ&hash=item3bcf39d4ae:g:kSsAAeSw0r5pZ8WR&itmprp=enc%3AAQALAAAAwGfYFPkwiKCW4ZNSs2u11xBubNpliVcUmITH18ge4br%2F%2BDZBFPBWAkCHA4ITZR%2FQriftCl5TWT5QyhqzLt3zwh5gElT88NgSdI8xXWNf%2FX42NsFntvoFAwBdD44k%2FgHJode1pH2FJ4Lva8F8Rh5UzdGeju6Pt0F8Eevf%2Ffwo8Njli6TSi5boeWzcK5U77%2Fy9Vs3y7mBNm8mithIoaDKseXI8tJkTOLnW4wES%2Fl4YSCVNy31iu7oaCPTrTyrxV8vVqA%3D%3D%7Ctkp%3ABk9SR_74-uS9Zw,https://i.ebayimg.com/images/g/kSsAAeSw0r5pZ8WR/s-l140.webp,range,,"(13451.664499999999, 26562.115)",Ebay,discountcomputerdepot,,
26,Dell Latitude 7390 Laptop 13.3” Intel Core i5 16GB RAM 512GB SSD Windows 11 Pro,https://www.ebay.com/itm/266804550876?_skw=laptop&itmmeta=01KQQ4YQGXVAFR52D59TFHMCG6&hash=item3e1eca5cdc:g:w~0AAeSwnbNpguGp&itmprp=enc%3AAQALAAAA4GfYFPkwiKCW4ZNSs2u11xBBv0o%2F9pdjmU7E4tsNx%2BH8UL0K6jNB9LlbQLuwLkxOC9Xs6XX%2BGRZ65vVnBxR56bcH66YdzZh%2FdtdNN1wQKMLjHrPjqQ4aZVDEsAQwKOPNAqmYfptaeJH%2FUEzaiUCyU93YKSgxwHdowImyF30IVEVnHuQIOxYHISvxGbUYGMdZk9hanp%2Bh0y4I%2B1%2BLj2g8uf8xD2zeUF4wR6MmG6G8FnrqwJNovHAxpKTvKZjm5aelGQ7y%2FP3I6tzMsbSnudv%2FS%2FO8a2GFUCvaOI7EDL%2Bc7ojs%7Ctkp%3ABk9SR4D5-uS9Zw,https://i.ebayimg.com/images/g/w~0AAeSwnbNpguGp/s-l140.webp,discrete,12542.8335,,Ebay,discountcomputerdepot,,
27,"DELL INSPIRON 14 5406 14 I5-1135G7@2.40GHZ, 8GB, 512GB",https://www.ebay.com/itm/226535718793?_skw=laptop&itmmeta=01KQQ4YQGXV3JXYEX53K0A799H&hash=item34be94bf89:g:CuMAAOSwibRnf-fp&itmprp=enc%3AAQALAAAAwGfYFPkwiKCW4ZNSs2u11xCR%2F%2BzraDj%2BoBBc2WHbxkkF3nmbpQwmy6DyMOtqz4FLqzIva%2FR73fikDghImr74fgwVsbz0J5%2BheCOCoBtjbj4yeAMmKjFs066S3XaopklxIR9CGFBTY0hKb6K%2BjUJKiyL%2BXLp5BdznjViaZBrfKqUrSZ9216axKItEuA7v14UVNTbqJGDdSn%2B%2B7jId73sThMLD4g%2BF84%2FZG%2BLo%2B41N5tOzKmIKLMcYEPbheGPRfrEQww%3D%3D%7Ctkp%3ABlBMUID5-uS9Zw,https://i.ebayimg.com/images/g/CuMAAOSwibRnf-fp/s-l140.webp,discrete,29201.695,,Ebay,eworksil,,
28,Dell Precision 5550 Core i7 10th Gen 2.70GHz 10850H 32GB 500GB Wn 11 Pro Grade-B,https://www.ebay.com/itm/287299588752?_skw=laptop&itmmeta=01KQQ4YQGXSVD0M7CBKQS09ZM3&hash=item42e463d290:g:WZ4AAeSwRohp8Qbh&itmprp=enc%3AAQALAAAAwGfYFPkwiKCW4ZNSs2u11xA7TkqelDTwOXi4z09pgPijvZQ8jSMKPTH8G0oX1KpxJ7Kr6X9yGy3PPnuQoNSTab5rr%2BN6fdwAO7jrpAJOufhfo1zFVH%2BjFLcR3qgo%2FOzhGKmUVfpjVHD1BrsT3SquGRXPkffxlJqGVWrhfhKqChZvhBezqCSkIl83DjEeVrVsIacSkk8aV%2BWVZJqhmZxERUatZESiCu90rphP%2F19KFcamK1utLd51QnSXS1dfSGQOEw%3D%3D%7Ctkp%3ABlBMUID5-uS9Zw,https://i.ebayimg.com/images/g/WZ4AAeSwRohp8Qbh/s-l140.webp,discrete,25215.5,,Ebay,urbantechandrepair,,
29,"Dell Latitude 7390 14"" HD Quad-Core i5 Laptop Windows 11 16GB RAM 256GB SSD WiFi",https://www.ebay.com/itm/283987164379?_skw=laptop&epid=5031559411&itmmeta=01KQQ4YQGX2R3TG43E19WAJMB0&hash=item421ef43cdb:g:4kAAAeSwSoZpw3nG&itmprp=enc%3AAQALAAAAwGfYFPkwiKCW4ZNSs2u11xBbDqZnFaSdus59RaCiiSSGzBZmxVMEF2SjQXCSH1x9yvdE1nsFCbKmes4k4L8EgJiLToyrs2v8I5zpcPIwxU0JDXn%2Fe%2BCzRExtq%2BsguvqPDlnHGMgx5G77TVjjo%2BZy4Um%2F0zOout50ANnnjNFRGQpjWN%2BXGQw7RNzy5TBcoBZYuqB7B6QnyhBpwMnkM%2FEg0NUvWZ0GGEjIbbKyUnB0GiTUMjdoBSTYaDx0EnkAPumq4Q%3D%3D%7Ctkp%3ABlBMUID5-uS9Zw,https://i.ebayimg.com/images/g/4kAAAeSwSoZpw3nG/s-l140.webp,discrete,12174.7945,,Ebay,discountcomputerdepot,,
30,"Dell Latitude 5400 Laptop Intel Core i5 14"" HD 8GB RAM 128GB SSD Windows 11 HDMI",https://www.ebay.com/itm/286068793851?_skw=laptop&itmmeta=01KQQ4YQGXAKNF9XK7Z8Y8BWXD&hash=item429b0761fb:g:Z2UAAeSwgAxp8W34&itmprp=enc%3AAQALAAAAwGfYFPkwiKCW4ZNSs2u11xAxUDRwIa8I73zHNm4xlgCno6R8Gf3TkT0XvFn%2BKF9I%2BZyx71tc%2FOqGa%2Bj%2B6Q%2FJKF777rYf2XzQSzC0ZkgsFIXCZ8B2J%2B8d4I4fvZuBK2K6mN8tqYYn75yV878QLkHDLPKP2AaASW4gGQ%2FaQSSP%2F3yiv54ZkzrhM17pxSkbysaFWRDACuFImFZ5bEjJHnd5iLh%2BEXSv6GJa1gvB%2F2Kg6vxoPgw8TiFCX2jMDs9IaTeEBQ%3D%3D%7Ctkp%3ABlBMUID5-uS9Zw,https://i.ebayimg.com/images/g/Z2UAAeSwgAxp8W34/s-l140.webp,discrete,10430.633,,Ebay,discountcomputerdepot,,
31,"Dell Latitude 7320 13.3"" Quad Core i7-1185G7 3.0GHz 16GB 256GB NVMe SSD - Win11",https://www.ebay.com/itm/336564933957?_skw=laptop&itmmeta=01KQQ4YQGXMYHHZGVT41AR7EY1&hash=item4e5cd55545:g:-BAAAeSwAK1oLlAv&itmprp=enc%3AAQALAAAA4GfYFPkwiKCW4ZNSs2u11xBaKNr22jEMoKe7wjcCmol%2BWhI%2BJyeKzy6ayJ%2FxrxP7%2FbMBWJtdr7YFcBivkByt7cN4d54dA167tfX6gaMqmmHw7E2ektB2rGQet0cEenO4%2F48qHVtqaOePBOyZI8UQt6zSkyX%2FFYQs454wNtPzkGTQ8KSspox3%2BKDj%2BU%2F7Moi4HiKlXZcoYR0wPbXyAWFpPFmnZAWush%2FdNfe83MhNNn9Kd36mblULsok4AqroxZhyfZ5swioRInJ%2BGD5ilnvE1UqnQcNkx1bmCC7zKMikx4D2%7Ctkp%3ABk9SR4D5-uS9Zw,https://i.ebayimg.com/images/g/-BAAAeSwAK1oLlAv/s-l140.webp,discrete,9657.0,,Ebay,thecoolb76,,
32,Microsoft Surface Laptop GO 1943 TOUCH i5-1035G1 16GB 256GB SSD Win 11 Pro,https://www.ebay.com/itm/358501631648?_skw=laptop&itmmeta=01KQQ4YQGX62ZVASYKY8S84BKD&hash=item53785cc6a0:g:BqUAAeSwH-dp8lMP&itmprp=enc%3AAQALAAAA4GfYFPkwiKCW4ZNSs2u11xCu%2F9t61JCVM7y75IOgt8Qo2ygnU3Ravu5%2FxJLcEiM%2FtkFim8FSkvxYiqktRagPY8TK6nc2HmRq%2BxZ7mDUZ1WiSZs4sjIe2KotBkbdzzJv54PzQK9AwkSJSFgiFjL3knnPY%2Bbhm0Z5Iq46%2BGDQjWZdg7OhQGofgXQeKAXQWBooIlyyOhJIXicItUoWBp7SKZ%2FYKPgB4TlHAGd%2B5Dqf%2FDSTiiB9rQqEXyfn8HENe11qvVaz77RTlQeFbPP0z%2FEKtE33OLHuphiooPmJom4V%2B%2BbZr%7Ctkp%3ABk9SR4D5-uS9Zw,https://i.ebayimg.com/images/g/BqUAAeSwH-dp8lMP/s-l140.webp,discrete,8931.1155,,Ebay,igpered-0,,
33,"ASUS Chromebook Flip CX1 Laptop 14"" FHD 128GB 8GB SSD Model CX1400FKA-AS88F",https://www.ebay.com/itm/389758212153?_skw=laptop&itmmeta=01KQQ4YQGX2RZATY150WFZA210&hash=item5abf665839:g:VuAAAeSwqGNpuGRo&itmprp=enc%3AAQALAAAA4GfYFPkwiKCW4ZNSs2u11xCL0FwKSwwjLUQqixImJjZRdl5cs9NZvA461OOXFr4sYXj9u2A8YjjlGffrnvog%2F5Qn3HLkZdxmLZxn1bcjy3eVd2O6Ds02yuwHC5KuiFjFnh1wTfcFd0lBWzAnrv9ytCUwiNRxPU0pMA6ms%2BKo50ICNll%2Bckm5he7A4O2NUVdloUSAk8BQySsodhz%2BH6XuKPgFJjIeAVLwzz1KpmnPj59vUQDZ8CBTq5ivrP45XZuSJdmb%2FNzBNtqNi4u97IzIeM1D2uJR3LOS9kAxocVUc6hj%7Ctkp%3ABk9SR4D5-uS9Zw,https://i.ebayimg.com/images/g/VuAAAeSwqGNpuGRo/s-l140.webp,discrete,6973.963500000001,,Ebay,shopeltco,,
34,HP EliteBook 840 G6 14” HD Laptop Computer Core i5 16GB RAM 256GB SSD Windows 11,https://www.ebay.com/itm/267023034235?_skw=laptop&itmmeta=01KQQ4YQGYZQ8KSQTA3S9CJW4X&hash=item3e2bd0277b:g:6IIAAeSwm6Zp6Cvk&itmprp=enc%3AAQALAAAAwGfYFPkwiKCW4ZNSs2u11xCMCRNP4aXrQhpKSIv%2BwpkC5Eegkqv6KLedRK3aYgUrr8wQJhWCMC3MsULR33phJ9W%2BblzsijO4vA6uJUw%2Ft63Jp%2B4xiPBc1iwTQmkwoQVY46AW2B9lrPdEnz1tuLmvaM%2FQ2hCR%2FpppdChLAYtcT3U4KEBWURHwoeVMXpBO9cIvvcKb8p%2BBSdx3pMF6YQcdgC%2BCMjFK%2FcrFgqdC3JrpbE--z4qkZ4ZrhfevukYVG%2BNr1Q%3D%3D%7Ctkp%3ABk9SR4D5-uS9Zw,https://i.ebayimg.com/images/g/6IIAAeSwm6Zp6Cvk/s-l140.webp,discrete,11958.0485,,Ebay,discountcomputerdepot,,
35,Dell Precision 15.6” Light Gaming Laptop Intel i7 32GB RAM 1TB SSD Win 11 Pro,https://www.ebay.com/itm/286923469872?_skw=laptop&itmmeta=01KQQ4YQGYYQ4WXHP7P1Z9KFA1&hash=item42cdf8b430:g:tMwAAeSw61dp0EUx&itmprp=enc%3AAQALAAAAwGfYFPkwiKCW4ZNSs2u11xBasluf0E0okBKZIXmp8doJ2UtKwNTQJBxY%2BLClWbG3QG8oKW253gVe1qGJyNj17lKomMckjxTcY5i9XqMxaHBKHgZCUW8irTPyvGhnd5YwfdxKh%2BIdIhb9PfVspLoMHZ%2Bb1r6gZ522tilK7rUuVaNVXBfBn8NF1lQ0RQ%2F1nIYwC5RhOchVt3DrxRSjSjq1p5tnuGxxICssAqxOqDt57Z79YTBHRoZxr9dkkMc9o0AdGg%3D%3D%7Ctkp%3ABlBMUID5-uS9Zw,https://i.ebayimg.com/images/g/tMwAAeSw61dp0EUx/s-l140.webp,discrete,32189.4635,,Ebay,discountcomputerdepot,,
36,"""50% off"" HP 15-fd0152 Laptop 15.6"" Intel i5 Iris Xe 8GB RAM Windows 11",https://www.ebay.com/itm/127834626109?_skw=laptop&itmmeta=01KQQ4YQGYE1Z1QKHZMAA4GK7M&hash=item1dc389983d:g:rAQAAeSwQW9p8Ppy&itmprp=enc%3AAQALAAAAwGfYFPkwiKCW4ZNSs2u11xAo25l%2FgBqbKqCkNIL%2BXn60BKngvZuz6Z%2BC24NSO9Bd2GetxppLQclxZVyquAM1JRWNC0DMpV%2FkxMdvt%2BaIZfEdEwO9KqxER05e8Ux%2FWyxTvJoUnVQai6kwooxqL2FaHvcLZgwzqQwjakbx0QcI3DX7o1wxbY8QjhdLEmhQaSBvKGjG4ucF8aGOIz5fs9pCtcN1n2%2Bkyd7lt93LoZuuzBvtO%2BY4ZVJFqiEoJ93rqJiZWw%3D%3D%7Ctkp%3ABlBMUID5-uS9Zw,https://i.ebayimg.com/images/g/rAQAAeSwQW9p8Ppy/s-l140.webp,discrete,12822.35,,Ebay,csdeal76,,
37,HP EliteBook 840 G8 14” Full HD Laptop Core i7 16GB RAM 512GB SSD Windows 11 Pro,https://www.ebay.com/itm/257114279816?_skw=laptop&itmmeta=01KQQ4YQGY01N81NPB8X1Q3KEM&hash=item3bdd348f88:g:skkAAeSwI8dp6wTa&itmprp=enc%3AAQALAAAA4GfYFPkwiKCW4ZNSs2u11xDAPKDsaA6Gft5azqGJS4%2F1%2Bm3AKYvxSIB73QcjY5Df%2F7MSdf8%2FCxWh8SvuyjLpgsKRjY0q%2FobFu%2BwHaCYnJSDYVQVc1cU3JF7E4QWCd77wTXKIgSVf4vI1xJVaEbMYk90AK3%2FwroDvUHp4Ih4VaRTe%2FFOmeXDJrSQEtCLa66sJk0KxcoitboisHk48kALD3rK1Y2vt2pVtT3Pz0a6Hzg7j%2BgttqaVFaO%2BEpSwiGtXRmpIokCXXjMOSR7BOIowdJCrWrtqW3nukyXcVTVi0DtkT%7Ctkp%3ABk9SR4D5-uS9Zw,https://i.ebayimg.com/images/g/skkAAeSwI8dp6wTa/s-l140.webp,discrete,21180.4835,,Ebay,discountcomputerdepot,,
38,"HP EliteBook 830 G7 13.3"" i5-10310U 16GB 512GB SSD FHD Fingerprint Win11 Pro",https://www.ebay.com/itm/366382848008?_skw=laptop&itmmeta=01KQQ4YQGYNGN4WVZRVQ7F4DD4&hash=item554e1e9808:g:OMkAAeSwnCdpru9x&itmprp=enc%3AAQALAAAAwGfYFPkwiKCW4ZNSs2u11xDgFhZKx0BEZvQsFErJPPHg6uAytofJE00YgbEpwSrJHGjGflpMNNWi5xnqc%2ByaM54Rbjwmowj1AlIOhJDgARJR4Bi3yAQ%2FFntXeDBJ7yBguiem0OrTLppxPGQ2pWbRaHqpF%2B0JqPdd8YAIdTZ1d5SsD8uzTY7odglUyDSSMEMy6weQDEIjeOL3px2EHU03Matc%2Bzb9Fu0x8aedR6SiEV2%2B8aEfpUOaDx8BKaEUXURfKg%3D%3D%7Ctkp%3ABk9SR4D5-uS9Zw,https://i.ebayimg.com/images/g/OMkAAeSwnCdpru9x/s-l140.webp,discrete,11373.2635,,Ebay,ingrammicrorefurbished,,
39,"Dell Latitude 3410 14"" Laptop i7 10th Gen 512 GB 32GB RAM Win 11 Pro (Z3E2)",https://www.ebay.com/itm/198262903021?_skw=laptop&itmmeta=01KQQ4YQGYM809EZ39CKNZG7Y3&hash=item2e2963d0ed:g:JE0AAeSwPDtopx5f&itmprp=enc%3AAQALAAAAwGfYFPkwiKCW4ZNSs2u11xD290FGYDsaRKSahbR0p5JKRz%2FEcD3CUJjk1Vam%2BuNZD1enMRbmZfW0ROy1Og4XunaXRWC9UsgFlgZgb%2B%2BZRXjP%2FvgGdl0cnErX5UYktYlFHwW%2Fo0JD51PDSChwwz%2BjYqwR2d13Zf4ak5iMhkQjUvzxdsThWByBpfcGfy73uXJRwE0WOlgm6mhwscMAOkG0GCHTLwon66anesv3DkQPdMb1nKQLNLlOOiVfkJta%2BU0pBg%3D%3D%7Ctkp%3ABk9SR4D5-uS9Zw,https://i.ebayimg.com/images/g/JE0AAeSwPDtopx5f/s-l140.webp,discrete,11800.3175,,Ebay,auditmacstech,,
40,"Dell Latitude 5520 15.6"" FHD Touchscreen i5 11th Gen Laptop | NVMe SSD | Win 11",https://www.ebay.com/itm/335353706306?_skw=laptop&itmmeta=01KQQ4YQGYEP1VT9KV18HQYSK4&hash=item4e14a37742:g:6gYAAeSwuvJpXVtw&itmprp=enc%3AAQALAAAAwGfYFPkwiKCW4ZNSs2u11xAQGQ3%2FWjyuVHBKQt4Ym8efmDrPnEig8G15spKq1Gfxe%2BhzRNA%2FvMHs2w%2Fut7ZoYQ4rIGjdyG5y4Creua0FMduWvG3gsMN9fw24Lai7Xy9Tld3EyX%2BaLcUdYxEi0fLk%2BJKojUUUb4CQuSKVLJ8Hy%2BUNbbiZSbKxnxNynkjc59cKB%2B6uHeXZxDwxbEqg3o4GViDxo7ecwJE0tQg%2BRQaJcGvyeWzl%2FqkmIh17o24DXrTJKw%3D%3D%7Ctkp%3ABk9SR4D5-uS9Zw,https://i.ebayimg.com/images/g/6gYAAeSwuvJpXVtw/s-l140.webp,range,,"(13948.4635, 49250.7)",Ebay,aaa_pcs,,
41,"~OVERSTOCK SALE~ 15"" Lenovo Laptop PC: Intel i5, 16GB RAM - 1TB Storage! CD/DVD!",https://www.ebay.com/itm/115833852644?_skw=laptop&itmmeta=01KQQ4YQGYQQJG4D3RTD5D3ZGE&hash=item1af83c52e4:g:56wAAeSwrWdp656m&itmprp=enc%3AAQALAAAA4GfYFPkwiKCW4ZNSs2u11xDnEun%2BlswAhWc9fnQ%2FFITnQakRYO0tf%2Fqwar5DhjOdIF1c%2BPUEQJRG%2BDP17hVHh7%2BdDHk9YiKDqioaL9Mf7SrRuJz5MKfKSnYaJKrI2P0NzslqBJi5faa1HoFvusRIgWR73rEZ9ZTb9RSQ4Wr1kMA3SUfRvNv%2Fv8W9tWbVo5SdzkqLw2BLwhXAFnzVZ2aCsZ4Yn4cx%2BXBxpyofV6p5K1ufOH5LuJw%2FwPPr8YV8W3Z1tpy3rRFGR0xC9HQVNuEaL0N80JOLDixzkmsLJSVKlTY2%7Ctkp%3ABk9SR4L5-uS9Zw,https://i.ebayimg.com/images/g/56wAAeSwrWdp656m/s-l140.webp,discrete,9656.4635,,Ebay,regadget,,
42,"Windows 7 PRO Laptop Notebook PC Computer Dual core, 4GB Ram, 250GB HD DVD/CD",https://www.ebay.com/itm/335462459953?_skw=laptop&itmmeta=01KQQ4YQGYNZMVA1KW6KK4AP15&hash=item4e1b1eea31:g:L-kAAOSwyERmfuqK&itmprp=enc%3AAQALAAAA4GfYFPkwiKCW4ZNSs2u11xAAS5%2FxB3nzKWZ89F25fXc1WXS5FhttkmcDjCqzko9WGSk2jnC1%2Bp%2F5dLkmEZuEoy6sMAZC1vJsqwMP0PexWAzZ65JJtnlLJYJYJ6VlI9bhoBF47%2BtXY4N5wwm8rZkdbvVWyVPW16UP8bHUeNE0R%2F9WPz%2BqMS1o%2FESdsgPCp%2FV0xdBTCeuulT38ekiQ0jbca8uvtSkJXijgAbb5XwGo7xSlGDzUMOPx2Vr%2FOXj6rx1qCL%2BRf46X2bLgc9gydAJI4c6h6qclNHCS5vTamQEIbpp9%7Ctkp%3ABk9SR4L5-uS9Zw,https://i.ebayimg.com/images/g/L-kAAOSwyERmfuqK/s-l140.webp,discrete,6973.963500000001,,Ebay,ticktock1-2-3,,
43,"Dell Latitude 13.3"" Laptop Intel i7 16GB 256GB SSD TOUCH DISPLAY WIN11 WARRANTY",https://www.ebay.com/itm/178077989751?_skw=laptop&itmmeta=01KQQ4YQGY15R90MBK84B946PK&hash=item2976467b77:g:-7IAAeSwPmNp6VdM&itmprp=enc%3AAQALAAAA4GfYFPkwiKCW4ZNSs2u11xAeSTaMwnoAl%2B2l4aHEo8gfI8Q4x%2B9rxYaoflYnBpqTdYiqTDep79%2FMU0t04OV5PBZUfGlDGgjUjfkjfShbBx5344J8W95oCnboJ4T77pAlt%2BcglM5OjNRx%2Be1OT8Hv8SF1Wf2xm2iO4UvHZjv%2BSA7zSO71fn1Y1oZjMOXL2X4K8JCRkDYyJRPERWytabytx4%2FV3g7rBHQpupQJLbK979c8XJjjMDk4WBKy%2FdgHJcrD4W4EBGSkcJHuCLkbsdGerO59xy9dzbcQOd6c7TWxiZYa%7Ctkp%3ABk9SR4L5-uS9Zw,https://i.ebayimg.com/images/g/-7IAAeSwPmNp6VdM/s-l140.webp,discrete,10729.4635,,Ebay,famesale,,
44,Lenovo ThinkPad X13 Gen 1 13.3” | i5-10310U | 16GB 256GB SSD | Windows 11 Pro |,https://www.ebay.com/itm/277950409631?_skw=laptop&itmmeta=01KQQ4YQGYS8E6K09V8PX7C74F&hash=item40b722ab9f:g:B1IAAeSwZqJp9jCP&itmprp=enc%3AAQALAAAA4GfYFPkwiKCW4ZNSs2u11xBRLceOyf7mQQNqnGBqjCwBZlX7H9UjG1ozsgyJEZ6YbMvCpM2PnVmjv35Lfxlk92nRaNtAmkPa5ngtEwKd%2BAjTNqGJEBY57%2FHJ9o7OcDvPslntMJoxwzTDFcZkTCMlYeAIFdF6Qodur24eH%2FXSUFR6tlGd5vl6x3FqigrV3uevBd6jnwKROw85mfwxqwgBLo96fkXW9wkj8cJSfVuGr7UeNlOT66qjyxzwWm8phCcTZXGR4Y1qMB%2BVLZlTMJHjCMNa4clrtJ37gU9nvdMZYQ5Q%7Ctkp%3ABk9SR4L5-uS9Zw,https://i.ebayimg.com/images/g/B1IAAeSwZqJp9jCP/s-l140.webp,discrete,8047.5,,Ebay,shady4646_4646,,
45,OVERSTOCK~ 11.6 HP Pro X360 Laptop PC: TouchScreen! Webcam! Windows 11 Pro!,https://www.ebay.com/itm/117035630824?_skw=laptop&itmmeta=01KQQ4YQGY6MCGEW13J5HMEV0D&hash=item1b3fde00e8:g:JeMAAeSwwoppj0Sq&itmprp=enc%3AAQALAAAAwGfYFPkwiKCW4ZNSs2u11xAZLaNZlTy3F1vU75EvuKYDC07ymt8FKUhQuN4DeHH4hufTyfMKNINlEYu4814TiG4QnZSHIXbD2EFnFoBVQolvUnro0%2BLHku5C%2Fp%2FBKipBjtsllqrHfpnWakLJkQYdtJEgpVFwWaplXk1TAt1zJS8WicvkMfHOl4nZVoAvQmvwpq9A%2BtJJfTXGlsgWtb1SqXABtHS9aCK3mlQlJA6yTDRj9AH3UdjAhgW2FRid4A4TMw%3D%3D%7Ctkp%3ABk9SR4L5-uS9Zw,https://i.ebayimg.com/images/g/JeMAAeSwwoppj0Sq/s-l140.webp,discrete,6703.5675,,Ebay,regadget,,
46,"Microsoft Surface Pro 7+ 12.3"" i5 2.40GHz/8GB/128GB w/Type Cover - w/Warranty",https://www.ebay.com/itm/358374597778?_skw=laptop&itmmeta=01KQQ4YQGYBTR85YVF9JHH5393&hash=item5370ca6492:g:WQIAAeSwLTtpxDu0&itmprp=enc%3AAQALAAAA4GfYFPkwiKCW4ZNSs2u11xCuWrdyLqbVXT%2BveWaIcWkvBmrg51lTuMimMIhtPEle3dhEOpuPW%2BfBb%2FUqLBPKk4V5O3%2BsbcX7m1Nu37CcbA0Klv7YF1nQvhrRQmnq4bj6VZMMKiFNUtKDtX6mveHAiL59NeC4%2B%2FmBVrvDytbQXpCNGKdIv72hpqdR%2BXQnkPBXcZ7Pw9RwS3YciYdIHsDbNFURZuWhNPGU%2BoPKulbKlykUVclCvhW882JVuAUttqLCTBaP4kZJE5vyn9Q%2BIy7MCkonDxtVhLDRcct6L3GbokUm%7Ctkp%3ABk9SR4L5-uS9Zw,https://i.ebayimg.com/images/g/WQIAAeSwLTtpxDu0/s-l140.webp,discrete,13371.726,,Ebay,tekdeals,,
47,HP EliteBook 840 G7 14in i5‑10310U 512GB SSD Windows 11 Pro Silver,https://www.ebay.com/itm/366360612384?_skw=laptop&itmmeta=01KQQ4YQGY79T2RENRAEJMBABG&hash=item554ccb4e20:g:hm8AAeSw5vBp6OMZ&itmprp=enc%3AAQALAAAA4GfYFPkwiKCW4ZNSs2u11xAh4cLt2EM3Q1FHSGB%2BTAxFqj3Vmh0IOzm%2F7XF8wfMLSib45hcNafmZstFQAe9Q06gxIvgOxFF3yHMWLSJ5%2BM96UOMMYBB2ugShfbC4TFvxkZ5cnqfM%2FNClM9inYn9U53ifQ4DjqOIc0RBXo%2BasyhW3ot0jAA8PZCa9FeteNLwrt8zyc7S4C32NZyrm79iyb0DXu%2FO8GNceiqRAvliRe0AnKS2pFPsffADFuLmjx2xN5i9qbp2L5mKzUkEFhjS8zYxS0K2B5iEwkVBKMzhPEw3X%7Ctkp%3ABk9SR4L5-uS9Zw,https://i.ebayimg.com/images/g/hm8AAeSw5vBp6OMZ/s-l140.webp,discrete,14484.9635,,Ebay,ingrammicrorefurbished,,
48,"Acer Chromebook CB315-4H-C80T 315 15.6"" Intel Celeron N4500 4 GB RAM 64 GB eMMC",https://www.ebay.com/itm/277623331100?_skw=laptop&itmmeta=01KQQ4YQGZE6JP77HPQTX18AFK&hash=item40a3a3d91c:g:NAgAAeSwrSJpWCdt&itmprp=enc%3AAQALAAAAwGfYFPkwiKCW4ZNSs2u11xD924WJ9N2h8lRU0iX9LVTnGw6oK26Zx2YFgcs27Mvbc3Lp2w3vzKZUe%2F28RVdT%2B0dY4lJ6S5NnPjS2HQY6q33Lo37Hsf9kpJNXhEhjmN4FEoRi4sAcyborypgwUXklKGNSNtFEg79S%2B28G7X6fIg9SMUwfkRhAbvsFNXUiv86VzozL0xTAjz5w4cEmX6dTEjSptXV3rmmhnJHsPabkHarLc7TgsPlsLTNrqBDSCGOTZQ%3D%3D%7Ctkp%3ABk9SR4L5-uS9Zw,https://i.ebayimg.com/images/g/NAgAAeSwrSJpWCdt/s-l140.webp,discrete,4489.9685,,Ebay,acer,,
49,"Dell Latitude 3350 13"" Touchscreen Intel i5 5th Gen 8GB RAM 500GB HDD Windows 11",https://www.ebay.com/itm/327067635321?_skw=laptop&epid=18021331534&itmmeta=01KQQ4YQGZ55X4GS3469JN990D&hash=item4c26c00e79:g:DYsAAeSwQTBpw-Hc&itmprp=enc%3AAQALAAAAwGfYFPkwiKCW4ZNSs2u11xA9DE4gd1rrjmnV54tuQQBPQurAQpRji9GrpFRX0MVv62MfNaMzOGWSFFR9sqgUECxDdNKD%2FC3bpu0wjm%2FUz%2FzIQareVUXvp%2FEgwcXju%2BxvEBk8Imny3Danp4B8QTm4cht%2FjUB%2BB6AGhHKXXmGpC6kKnmEryc%2F8kAgO0veLt%2FVRvEwixTU9kP9ulzaH6I7pRw0ytVmq4%2FdKepkM%2BfDJMUZrP%2FVDr8yU0BVvYxBp%2BUwn1g%3D%3D%7Ctkp%3ABk9SR4L5-uS9Zw,https://i.ebayimg.com/images/g/DYsAAeSwQTBpw-Hc/s-l140.webp,discrete,6867.2,,Ebay,jcs_computer_store,,
50,"Microsoft Surface Laptop 3 13.5"" Touch Intel i7-1065G7 16GB 256GB SSD - Black",https://www.ebay.com/itm/356564038856?_skw=laptop&itmmeta=01KQQ4YQGZTT48FEM1X0QZVV95&hash=item5304df74c8:g:TiYAAOSwNu5nrReQ&itmprp=enc%3AAQALAAAAwGfYFPkwiKCW4ZNSs2u11xCKvlFXXf3IFD%2FBqVsrh%2BTPx4DeEUCjkULT77tui3I8n0V46PRy%2BtNEQ5TQm4dpGOGcxZt4LC7TjR1oOl8TiL3paF5zp2i90%2BMvs5SQ%2BcGFkw3jY7dYDQHkvpoHDH5JVHPlYrYRD16G37oJJ1ZIb6cytvEG5%2FSi0hQUPWNhLrXrv3W7lpk2mbUy2KNcxvRK08w9fjXsl8WE8dh7180cR1d%2BEkEZfmwskJTS5ZPQzJcn0A%3D%3D%7Ctkp%3ABk9SR4L5-uS9Zw,https://i.ebayimg.com/images/g/TiYAAOSwNu5nrReQ/s-l140.webp,discrete,13948.4635,,Ebay,bigdeals,,
51,HP ProBook x360 11 G1 Intel Pentium N4200 4GB RAM 128GB SSD **SEE PHOTOS**,https://www.ebay.com/itm/297993481948?_skw=laptop&itmmeta=01KQQ4YQGZDF53TEJC37GGZE9X&hash=item4561cbaedc:g:e2oAAOSws~Jmlayr&itmprp=enc%3AAQALAAAAwGfYFPkwiKCW4ZNSs2u11xCIrQnhExSOWJcN8VEUK2FfAThTFE6qxNK4uWMixcewc6AqT%2Bci8wKhnVx53GeplCC5MiuyOXxxCkuWEJeYbWaxXGFl%2BJqXNUxQZ1KlAOBQTPoHM5QWt4hexp98B0MCQuFqytwWF%2FTjSfhFL%2FdZVSi16qaawG%2Fgh3qFAruLUedSA4L8gGuzE5CYSFNqFc17BonVVOas48mJr9CXqz4dvyuzcD%2FJ3OTUUKXoKUYh4bjn1Q%3D%3D%7Ctkp%3ABk9SR4L5-uS9Zw,https://i.ebayimg.com/images/g/e2oAAOSws~Jmlayr/s-l140.webp,discrete,2575.2,,Ebay,hawk_line,,
52,"Microsoft Surface Pro 7 12"" i5 1.1GHz/8GB/128GB (Platinum) PVQ-00001 w/Warranty",https://www.ebay.com/itm/376622219595?_skw=laptop&epid=3038780014&itmmeta=01KQQ4YQGZY80JNXZEJJPY0NVQ&hash=item57b06f014b:g:7C4AAeSwr89o7pbo&itmprp=enc%3AAQALAAAAwGfYFPkwiKCW4ZNSs2u11xDD1cB%2F3Gjx%2Ba0v5fJwdI6VZuW%2FWlnmx9%2BnPJtpmDhTF2%2FYDO0nBe0B47VwcqK%2FRmocWUxRDHYmOW055jAVNKUOR3HhNM6P8Rrg6ghh1laFikf9z6gv9eiZWSjMLKDI2sKHrxuBpwD1Vnzu0cbfE8LuWi41IHBni67GWCFOuSxoDP4Y9%2FnT5QkiDCgplO3nIz0OzSwIG0qgJp9TMEZWrA3RjBmWkmkFoCyLtQyagQc5Dg%3D%3D%7Ctkp%3ABk9SR4L5-uS9Zw,https://i.ebayimg.com/images/g/7C4AAeSwr89o7pbo/s-l140.webp,discrete,10727.3175,,Ebay,tekdeals,,
53,Lenovo ThinkPad T480s 14” Business Laptop Core i5 8GB RAM 512GB SSD Win 11 WiFi,https://www.ebay.com/itm/286761933322?_skw=laptop&itmmeta=01KQQ4YQGZ5P99P7Y0GPAXCE9J&hash=item42c457da0a:g:KQ0AAeSwPY9p6wH9&itmprp=enc%3AAQALAAAA4GfYFPkwiKCW4ZNSs2u11xD1cSA%2Ft7foYLZc9oJXPrx3nmMQ5vzG3ezRtMeEexLeo77yHBymbdPbQFka4RRCyvLEwwLq7GB6TSdLpwHWfysbGVnRIKLqaIKpVI4t4oPxisHc7H4qLyzTrNKFdRKZ8%2F8CglxLqg2UkVUweyRdtWF1VlJMDVLM21vqZ%2FMdd0FYx%2FWunWJKSs0U4na0qwnX03MZog%2FrsMTp5ct8k3BFZHGWVdjP6q6q93%2BLrsNhEs8UMHJaoBdAKmHn29gv%2FsxjSX%2F96UUsImP%2FPfThrezI8X7o%7Ctkp%3ABk9SR4L5-uS9Zw,https://i.ebayimg.com/images/g/KQ0AAeSwPY9p6wH9/s-l140.webp,discrete,13664.655,,Ebay,discountcomputerdepot,,
54,"Lenovo ThinkBook G2 i7-1165G7 16GB RAM 512GB SSD 15.6"" Touchscreen . Very Good",https://www.ebay.com/itm/178087459603?_skw=laptop&itmmeta=01KQQ4YQGZ665A9Z9V5031BKJC&hash=item2976d6fb13:g:EPsAAeSw1URp3Xez&itmprp=enc%3AAQALAAAA4GfYFPkwiKCW4ZNSs2u11xAKBL8Of4vwQqcGBibB3XCRih5cHKPPhH3a29RK5U20C6ma2YfP6uzsGrCKqLIZVXUO437uAMOVPFNFn7tLJJkI0gIYdzW3XkBrIVkPYa3SQjc0ip8YnkZ7bQJNRSYUjZTlBVDHhLl6kldKsI02%2BUCcBK7XP8Nfm4gUGanXDbhxYsIP0G3aUm25OBNlv%2FYAsdwVxWvWTER3LdvbQ%2FiPBVxK6g6DY5f5Hd9mT3Hxi2GHwwWXAJzZxMfkVLYQcld%2FSm6fhi%2BLhwmcKlHe22GzYJC8%7Ctkp%3ABk9SR4L5-uS9Zw,https://i.ebayimg.com/images/g/EPsAAeSw1URp3Xez/s-l140.webp,discrete,14431.85,,Ebay,electro-1man,,
55,"Lenovo Legion 9i Gen 10 18"" WQUXGA Ultra 9 275HX RTX5090 64GB 4TB Gaming",https://www.ebay.com/itm/286930641918?_skw=laptop&itmmeta=01KQQ4YQGZ3N1WEP6XSYEP4EXX&hash=item42ce6623fe:g:~lgAAeSwg41o4IPD&itmprp=enc%3AAQALAAAAwGfYFPkwiKCW4ZNSs2u11xBnhxwXNrOOADzlZ%2BU886Ajww0AZIrNCoEa7QvLXKcPxJIIbk%2BtSjGL%2ByIucDddmNXoBtS3mNNMuxkIcUlvTHQbHP544EKmWpQJjDVgPCqgejXTYbk4xGIzWEWRruNSHyoJ9SP3YQ4pKc3pLo2gHBcPIRkbLGr%2Fz6IXt6dGCTyKoTA%2FxJPPfpv2RmDkoDkYL5xQhesL3k0KtqyxuNk9lLVe2gQ88oEtpHvxYSHk%2FF4HQQ%3D%3D%7Ctkp%3ABlBMUIL5-uS9Zw,https://i.ebayimg.com/images/g/~lgAAeSwg41o4IPD/s-l140.webp,discrete,214546.35,,Ebay,sxg19,,
56,Dell Latitude 5440 14” FHD Laptop Core i5 13th Gen 16GB RAM 512GB SSD Windows 11,https://www.ebay.com/itm/267461446964?_skw=laptop&itmmeta=01KQQ4YQGZ9T5VCQKA0024M846&hash=item3e45f1cd34:g:Y~EAAeSwE6hpn~Ia&itmprp=enc%3AAQALAAAAwGfYFPkwiKCW4ZNSs2u11xAUvYYuA6HQF2EYsvEadcBAItUP7g%2FSp9jul9u8%2FqbtqQ7bdBDSttc%2B2TsSCBWlp4A4EW3z3BDXVCtzN2PMdLLQ2SjKgwoSBhBWvw8GU1NYUl71DGk95afAQPHKPF1TyKZx9X5fVmCLAAEQ3MBQqrdbhXMIe6PNUW8O17ha6HB0zsWtsPw%2FddcDkhI9ICmCN28D%2BVhBc7X9f4nZEWlXodnhUKUeqn3pGa%2BQC8%2F07E9Igw%3D%3D%7Ctkp%3ABlBMUIL5-uS9Zw,https://i.ebayimg.com/images/g/Y~EAAeSwE6hpn~Ia/s-l140.webp,discrete,22908.0135,,Ebay,discountcomputerdepot,,
57,"Lenovo Loq 15IAX9 Laptop, Intel® Core i5-12450HX, 12GB Ram, 512GB SSD, NVIDIA® GeForce RTX™ 2050 4GB, 15.6"" FHD, 83GS00SKED - Luna Grey",https://www.jumia.com.eg/asus-vivobook-15-x1504va-bl823w-intel-core-i3-1315u-256gb-pcie-g4-ssd-8gb-ddr4-on-board-ram-intel-uhd-graphics-15.6-fhd-1920x1080-169-250nits-anti-glare-ntsc45-wide-view-windows-11-home-quiet-blue-134405880.html,https://eg.jumia.is/unsafe/fit-in/500x500/filters:fill(white)/product/76/0185331/1.jpg?8289,discrete,38999.0,,Jumia,,,0.0
58,"Asus Vivobook 16 Laptop, Intel® Core™ i7-13620H, 16GB Ram, 512GB SSD, Intel UHD Graphics, 16"" FHD, Win11, X1605VA-OACH007W - Cool Silver",https://www.jumia.com.eg/asus-vivobook-15-x1504va-bl823w-intel-core-i3-1315u-256gb-pcie-g4-ssd-8gb-ddr4-on-board-ram-intel-uhd-graphics-15.6-fhd-1920x1080-169-250nits-anti-glare-ntsc45-wide-view-windows-11-home-quiet-blue-134405880.html,https://eg.jumia.is/unsafe/fit-in/500x500/filters:fill(white)/product/58/8412431/1.jpg?2384,discrete,36399.0,,Jumia,,,0.0
59,"HP 14-em0025ne Laptop AMD Ryzen™ 5 7520U, 8GB Ram, 512GB SSD, AMD Radeon, 14.0 FHD, win 11 - Natural Silver",https://www.jumia.com.eg/asus-vivobook-15-x1504va-bl823w-intel-core-i3-1315u-256gb-pcie-g4-ssd-8gb-ddr4-on-board-ram-intel-uhd-graphics-15.6-fhd-1920x1080-169-250nits-anti-glare-ntsc45-wide-view-windows-11-home-quiet-blue-134405880.html,https://eg.jumia.is/unsafe/fit-in/500x500/filters:fill(white)/product/51/3368331/1.jpg?6845,discrete,25479.0,,Jumia,,,0.0
60,"Lenovo 83Dv008Qed-Loq 15Irx9 Intel® Core™ I7-13650Hx , Ram 16Gb , 512Gb Ssd , Nvidia®Rtx3050 , 15.6"" Fhd - Luna Grey",https://www.jumia.com.eg/asus-vivobook-15-x1504va-bl823w-intel-core-i3-1315u-256gb-pcie-g4-ssd-8gb-ddr4-on-board-ram-intel-uhd-graphics-15.6-fhd-1920x1080-169-250nits-anti-glare-ntsc45-wide-view-windows-11-home-quiet-blue-134405880.html,https://eg.jumia.is/unsafe/fit-in/500x500/filters:fill(white)/product/81/3010911/1.jpg?6628,discrete,53039.0,,Jumia,,,0.0
61,Asus LapTop Vivobook S 15-S5507QA-MA037W - 15.6 3K OLED - Snapdragon X Plus X1P - 16GB/512GB SSD  - WIN11 -  Cool Silver,https://www.jumia.com.eg/asus-vivobook-15-x1504va-bl823w-intel-core-i3-1315u-256gb-pcie-g4-ssd-8gb-ddr4-on-board-ram-intel-uhd-graphics-15.6-fhd-1920x1080-169-250nits-anti-glare-ntsc45-wide-view-windows-11-home-quiet-blue-134405880.html,https://eg.jumia.is/unsafe/fit-in/500x500/filters:fill(white)/product/69/8511031/1.jpg?0522,discrete,92474.001,,Jumia,,,0.0
62,"Lenovo Loq Laptop Intel Core i7-14700HX, 24GB Ram, 512GB SSD, NVIDIA® GeForce RTX™ 5050 8GB, 15.6"" FHD, 83JE00DBED - Luna Grey",https://www.jumia.com.eg/asus-vivobook-15-x1504va-bl823w-intel-core-i3-1315u-256gb-pcie-g4-ssd-8gb-ddr4-on-board-ram-intel-uhd-graphics-15.6-fhd-1920x1080-169-250nits-anti-glare-ntsc45-wide-view-windows-11-home-quiet-blue-134405880.html,https://eg.jumia.is/unsafe/fit-in/500x500/filters:fill(white)/product/84/9585331/1.jpg?7226,discrete,72079.0,,Jumia,,,0.0
63,HP Victus 15-fb3015ne Laptop - AMD Ryzen™ 7-7445HS - 16GB - 512GB SSD - NVIDIA® GeForce RTX™ 4050 6GB - 15.6 FHD 144Hz - Win11 - Mica Silver,https://www.jumia.com.eg/asus-vivobook-15-x1504va-bl823w-intel-core-i3-1315u-256gb-pcie-g4-ssd-8gb-ddr4-on-board-ram-intel-uhd-graphics-15.6-fhd-1920x1080-169-250nits-anti-glare-ntsc45-wide-view-windows-11-home-quiet-blue-134405880.html,https://eg.jumia.is/unsafe/fit-in/500x500/filters:fill(white)/product/10/7942431/1.jpg?1168,discrete,47839.0,,Jumia,,,0.0
64,TAGITOP Flip-Intel Core i5 8th Generation8259U-8 GB DDR4 RAM-256 GB SSD-Touch Panel 14.1” FHD-Intel Iris Plus Graphics 655 ,https://www.jumia.com.eg/asus-vivobook-15-x1504va-bl823w-intel-core-i3-1315u-256gb-pcie-g4-ssd-8gb-ddr4-on-board-ram-intel-uhd-graphics-15.6-fhd-1920x1080-169-250nits-anti-glare-ntsc45-wide-view-windows-11-home-quiet-blue-134405880.html,https://eg.jumia.is/unsafe/fit-in/500x500/filters:fill(white)/product/03/542606/1.jpg?3023,discrete,26000.004,,Jumia,,,0.0
65,"HP OmniBook 3 Laptop 15-fn0001ne, AMD Ryzen™ AI 5 330, 16GB Ram, 512GB SSD, AMD Radeon™ 840M, 15.6""FHD, win 11 - Glacier Silver",https://www.jumia.com.eg/asus-vivobook-15-x1504va-bl823w-intel-core-i3-1315u-256gb-pcie-g4-ssd-8gb-ddr4-on-board-ram-intel-uhd-graphics-15.6-fhd-1920x1080-169-250nits-anti-glare-ntsc45-wide-view-windows-11-home-quiet-blue-134405880.html,https://eg.jumia.is/unsafe/fit-in/500x500/filters:fill(white)/product/35/0542431/1.jpg?0435,discrete,38999.0,,Jumia,,,0.0
66,"Lenovo Ideapad Slim 5 16IMH9 83DC003UED Intel® Core™ Ultra 7 155H , 16GB RAM , 512GB SSD , Intel® Arc Graphics , 16"" WUXGA , Win11 - Cloud Grey",https://www.jumia.com.eg/asus-vivobook-15-x1504va-bl823w-intel-core-i3-1315u-256gb-pcie-g4-ssd-8gb-ddr4-on-board-ram-intel-uhd-graphics-15.6-fhd-1920x1080-169-250nits-anti-glare-ntsc45-wide-view-windows-11-home-quiet-blue-134405880.html,https://eg.jumia.is/unsafe/fit-in/500x500/filters:fill(white)/product/63/4149921/1.jpg?6465,discrete,48469.0,,Jumia,,,0.0
67,"HP Victus 15-fa2318TX Intel Core i7-13620H-NVIDIA RTX 3050 6GB-16GB DDR4 3200Mhz-512GB SSD-15.6"" FHD 144Hz",https://www.jumia.com.eg/asus-vivobook-15-x1504va-bl823w-intel-core-i3-1315u-256gb-pcie-g4-ssd-8gb-ddr4-on-board-ram-intel-uhd-graphics-15.6-fhd-1920x1080-169-250nits-anti-glare-ntsc45-wide-view-windows-11-home-quiet-blue-134405880.html,https://eg.jumia.is/unsafe/fit-in/500x500/filters:fill(white)/product/22/7452431/1.jpg?8307,discrete,52000.001,,Jumia,,,0.0
68,"Asus Vivobook 15 Thin and Light Laptop, Intel Core 5 120U, 16GB RAM, 512GB SSD, Intel UHD Graphics, 15.6 Inch FHD Display, Windows 11, X1504VA-BQ4616W, Cool Silver",https://www.jumia.com.eg/asus-vivobook-15-x1504va-bl823w-intel-core-i3-1315u-256gb-pcie-g4-ssd-8gb-ddr4-on-board-ram-intel-uhd-graphics-15.6-fhd-1920x1080-169-250nits-anti-glare-ntsc45-wide-view-windows-11-home-quiet-blue-134405880.html,https://eg.jumia.is/unsafe/fit-in/500x500/filters:fill(white)/product/74/5004431/1.jpg?0765,discrete,27999.0,,Jumia,,,0.0
69,HP Victus15-fa1051ne Intel Core i5 13420H-8GB 3200Mhz DDR4- RTX 2050 4GB - 512GB SSD Gen4- 15.6-INCH Full HD IPS 144Hz,https://www.jumia.com.eg/asus-vivobook-15-x1504va-bl823w-intel-core-i3-1315u-256gb-pcie-g4-ssd-8gb-ddr4-on-board-ram-intel-uhd-graphics-15.6-fhd-1920x1080-169-250nits-anti-glare-ntsc45-wide-view-windows-11-home-quiet-blue-134405880.html,https://eg.jumia.is/unsafe/fit-in/500x500/filters:fill(white)/product/34/6090431/1.jpg?6478,discrete,45000.0,,Jumia,,,0.0
70,HP  Victus 15-fa1082wm Intel Core i5-13420H NVIDIA GeForce RTX 4050 6GB GDDR6 - 16 GB DDR4-3200 MHz - 512GB SSD 15.6 FHD 144Hz IPS Windows 11,https://www.jumia.com.eg/asus-vivobook-15-x1504va-bl823w-intel-core-i3-1315u-256gb-pcie-g4-ssd-8gb-ddr4-on-board-ram-intel-uhd-graphics-15.6-fhd-1920x1080-169-250nits-anti-glare-ntsc45-wide-view-windows-11-home-quiet-blue-134405880.html,https://eg.jumia.is/unsafe/fit-in/500x500/filters:fill(white)/product/36/7352431/1.jpg?3552,discrete,46800.002,,Jumia,,,0.0
71,"Asus Vivobook 14 Laptop Snapdragon® X X1 26 100, 16GB Ram, 512GB SSD, Qualcomm® Adreno, 14.0-inch WUXGA, Win11, X1407QA-LY045W - Platinum Gold",https://www.jumia.com.eg/asus-vivobook-15-x1504va-bl823w-intel-core-i3-1315u-256gb-pcie-g4-ssd-8gb-ddr4-on-board-ram-intel-uhd-graphics-15.6-fhd-1920x1080-169-250nits-anti-glare-ntsc45-wide-view-windows-11-home-quiet-blue-134405880.html,https://eg.jumia.is/unsafe/fit-in/500x500/filters:fill(white)/product/46/8842431/1.jpg?5900,discrete,34319.0,,Jumia,,,0.0
72,Lenovo LAPTOP-ideapad 3 slim 15IRH10 -i5-13420H-8G-512SSD 83K100E9AX GREY       ,https://www.jumia.com.eg/asus-vivobook-15-x1504va-bl823w-intel-core-i3-1315u-256gb-pcie-g4-ssd-8gb-ddr4-on-board-ram-intel-uhd-graphics-15.6-fhd-1920x1080-169-250nits-anti-glare-ntsc45-wide-view-windows-11-home-quiet-blue-134405880.html,https://eg.jumia.is/unsafe/fit-in/500x500/filters:fill(white)/product/26/8040431/1.jpg?1623,discrete,27999.0,,Jumia,,,0.0
73,HP fd0021nx Intel Core i3-1315U 256GB SSD 4GB Ram Intel UHD Graphics 15.6 Inch FHD - Silver - 8F4T4EA,https://www.jumia.com.eg/asus-vivobook-15-x1504va-bl823w-intel-core-i3-1315u-256gb-pcie-g4-ssd-8gb-ddr4-on-board-ram-intel-uhd-graphics-15.6-fhd-1920x1080-169-250nits-anti-glare-ntsc45-wide-view-windows-11-home-quiet-blue-134405880.html,https://eg.jumia.is/unsafe/fit-in/500x500/filters:fill(white)/product/53/6919331/1.jpg?8795,discrete,23499.0,,Jumia,,1.0,1.0
74,Asus LapTop TUF Gaming A15 FA506NCR-HN007W - 15.6 Inch - AMD Ryzen 7 - 8GB/512GB SSD - RTX3050 - WIN11 -  Graphite Black,https://www.jumia.com.eg/asus-vivobook-15-x1504va-bl823w-intel-core-i3-1315u-256gb-pcie-g4-ssd-8gb-ddr4-on-board-ram-intel-uhd-graphics-15.6-fhd-1920x1080-169-250nits-anti-glare-ntsc45-wide-view-windows-11-home-quiet-blue-134405880.html,https://eg.jumia.is/unsafe/fit-in/500x500/filters:fill(white)/product/01/9511031/1.jpg?9944,discrete,53999.001,,Jumia,,,0.0
75,"Asus TUF Gaming A15 FA506NCR-HN007W - AMD Ryzen 7-7435HS , 8GB RAM , 512GB SSD , RTX 3050 4GB , 15.6'' FHD , Win11 - Black",https://www.jumia.com.eg/asus-vivobook-15-x1504va-bl823w-intel-core-i3-1315u-256gb-pcie-g4-ssd-8gb-ddr4-on-board-ram-intel-uhd-graphics-15.6-fhd-1920x1080-169-250nits-anti-glare-ntsc45-wide-view-windows-11-home-quiet-blue-134405880.html,https://eg.jumia.is/unsafe/fit-in/500x500/filters:fill(white)/product/33/8030031/1.jpg?7610,discrete,37439.0,,Jumia,,,0.0
76,"Lenovo LOQ 15IAX9E (Essential) Gaming - Intel Core i5-12450HX, NVIDIA GeForce RTX 2050 4GB GDDR6 Graphics, 16GB DDR4 RAM, 512GB SSD, 15.6"" FHD (1920x1080) IPS 300nits 100% sRGB 144Hz.",https://www.jumia.com.eg/asus-vivobook-15-x1504va-bl823w-intel-core-i3-1315u-256gb-pcie-g4-ssd-8gb-ddr4-on-board-ram-intel-uhd-graphics-15.6-fhd-1920x1080-169-250nits-anti-glare-ntsc45-wide-view-windows-11-home-quiet-blue-134405880.html,https://eg.jumia.is/unsafe/fit-in/500x500/filters:fill(white)/product/43/7952431/1.jpg?8108,discrete,37999.003,,Jumia,,,0.0
77,"DELL laptop  Vostro 15 3530 , Intel Core i5-1334U Processor, 15.6 Inch FHD Display, 512 GB SSD, 8 GB RAM DDR4, Intel UHD Graphics, Ubuntu - Carbon Black",https://www.jumia.com.eg/asus-vivobook-15-x1504va-bl823w-intel-core-i3-1315u-256gb-pcie-g4-ssd-8gb-ddr4-on-board-ram-intel-uhd-graphics-15.6-fhd-1920x1080-169-250nits-anti-glare-ntsc45-wide-view-windows-11-home-quiet-blue-134405880.html,https://eg.jumia.is/unsafe/fit-in/500x500/filters:fill(white)/product/69/7232431/1.jpg?9612,discrete,27999.0,,Jumia,,,0.0
78,"MSI Thin A15 B7V Gaming Laptop, AMD Ryzen™ 7 7735HS, 16GB Ram, 512GB SSD, GeForce RTX™ 4060 8GB, 15.6"" FHD 144Hz - Cosmos Gray",https://www.jumia.com.eg/asus-vivobook-15-x1504va-bl823w-intel-core-i3-1315u-256gb-pcie-g4-ssd-8gb-ddr4-on-board-ram-intel-uhd-graphics-15.6-fhd-1920x1080-169-250nits-anti-glare-ntsc45-wide-view-windows-11-home-quiet-blue-134405880.html,https://eg.jumia.is/unsafe/fit-in/500x500/filters:fill(white)/product/15/8007031/1.jpg?7614,discrete,51999.0,,Jumia,,,0.0
79,Lenovo  IdeaPad Slim 3 – 83K100F1ED – i7-13620H – 16GB DDR5 – 512GB SSD – 15.3 INCH WUXGA,https://www.jumia.com.eg/asus-vivobook-15-x1504va-bl823w-intel-core-i3-1315u-256gb-pcie-g4-ssd-8gb-ddr4-on-board-ram-intel-uhd-graphics-15.6-fhd-1920x1080-169-250nits-anti-glare-ntsc45-wide-view-windows-11-home-quiet-blue-134405880.html,https://eg.jumia.is/unsafe/fit-in/500x500/filters:fill(white)/product/37/6352431/1.jpg?9007,discrete,36500.002,,Jumia,,,0.0
80,Lenovo LAPTOP-FLEX5 14LAU7 I3 1215U 8G 256SSD 82R700L4US WIN11 GREY,https://www.jumia.com.eg/asus-vivobook-15-x1504va-bl823w-intel-core-i3-1315u-256gb-pcie-g4-ssd-8gb-ddr4-on-board-ram-intel-uhd-graphics-15.6-fhd-1920x1080-169-250nits-anti-glare-ntsc45-wide-view-windows-11-home-quiet-blue-134405880.html,https://eg.jumia.is/unsafe/fit-in/500x500/filters:fill(white)/product/10/3743431/1.jpg?2222,discrete,28144.0,,Jumia,,,0.0
81,DELL Vostro 3530 ( Core I7-1355U12 MB Cache 10- 8GB Ram DDR4-3200- 512GB -Intel UHD Graphics-15.6FHD 120Hz- Black ),https://www.jumia.com.eg/asus-vivobook-15-x1504va-bl823w-intel-core-i3-1315u-256gb-pcie-g4-ssd-8gb-ddr4-on-board-ram-intel-uhd-graphics-15.6-fhd-1920x1080-169-250nits-anti-glare-ntsc45-wide-view-windows-11-home-quiet-blue-134405880.html,https://eg.jumia.is/unsafe/fit-in/500x500/filters:fill(white)/product/50/3981521/1.jpg?6575,discrete,35588.0,,Jumia,,,0.0
82,Lenovo  Legion Go,https://www.jumia.com.eg/asus-vivobook-15-x1504va-bl823w-intel-core-i3-1315u-256gb-pcie-g4-ssd-8gb-ddr4-on-board-ram-intel-uhd-graphics-15.6-fhd-1920x1080-169-250nits-anti-glare-ntsc45-wide-view-windows-11-home-quiet-blue-134405880.html,https://eg.jumia.is/unsafe/fit-in/500x500/filters:fill(white)/product/64/7367701/1.jpg?4067,discrete,46579.0,,Jumia,,,0.0
83,"HP ProBook 460 G11 Laptop Intel Core Ultra 7 155H 512GB SSD 8GB Ram 16"" Inch WUXGA - Pike silver",https://www.jumia.com.eg/asus-vivobook-15-x1504va-bl823w-intel-core-i3-1315u-256gb-pcie-g4-ssd-8gb-ddr4-on-board-ram-intel-uhd-graphics-15.6-fhd-1920x1080-169-250nits-anti-glare-ntsc45-wide-view-windows-11-home-quiet-blue-134405880.html,https://eg.jumia.is/unsafe/fit-in/500x500/filters:fill(white)/product/37/9140431/1.jpg?1835,discrete,41999.0,,Jumia,,,0.0
84,"Lenovo LOQ 15IRX9 Gaming Laptop Intel Core I7-13650HX 512GB SSD 16GB Ram Nvidia GeForce RTX 3050 6GB 15.6"" FHD IPS 300nits Anti-glare, 100% sRGB, 144Hz, G-SYNC - Luna Grey",https://www.jumia.com.eg/asus-vivobook-15-x1504va-bl823w-intel-core-i3-1315u-256gb-pcie-g4-ssd-8gb-ddr4-on-board-ram-intel-uhd-graphics-15.6-fhd-1920x1080-169-250nits-anti-glare-ntsc45-wide-view-windows-11-home-quiet-blue-134405880.html,https://eg.jumia.is/unsafe/fit-in/500x500/filters:fill(white)/product/52/7352431/1.jpg?0989,discrete,58000.003,,Jumia,,,0.0
85,DELL  Vostro 3530 i7-1355U 512GB SSD 8GB Ram Intel UHD Graphics 15.6 Inch FHD - Black,https://www.jumia.com.eg/asus-vivobook-15-x1504va-bl823w-intel-core-i3-1315u-256gb-pcie-g4-ssd-8gb-ddr4-on-board-ram-intel-uhd-graphics-15.6-fhd-1920x1080-169-250nits-anti-glare-ntsc45-wide-view-windows-11-home-quiet-blue-134405880.html,https://eg.jumia.is/unsafe/fit-in/500x500/filters:fill(white)/product/08/0376331/1.jpg?0110,discrete,34399.0,,Jumia,,,0.0
86,HP OmniBook 5 Flip 14-FP0023DX 2 In 1 Intel Core 7 150U 512GB SSD 16GB Ram Intel Graphics 14 Inch 2K Touch Win.11 - Glacier silver - B86Q7UA,https://www.jumia.com.eg/asus-vivobook-15-x1504va-bl823w-intel-core-i3-1315u-256gb-pcie-g4-ssd-8gb-ddr4-on-board-ram-intel-uhd-graphics-15.6-fhd-1920x1080-169-250nits-anti-glare-ntsc45-wide-view-windows-11-home-quiet-blue-134405880.html,https://eg.jumia.is/unsafe/fit-in/500x500/filters:fill(white)/product/67/4170431/1.jpg?1343,discrete,46999.0,,Jumia,,5.0,1.0
87,"Lenovo LAPTOP  IP Slim 3 15IRH10: Ci7-13620H, 16GB, 512GB SSD, Intel UHD, 15.3"" WUXGA 1920 x 1200, 300nits, Grey with Aluminium Top 83k100e8ax",https://www.jumia.com.eg/asus-vivobook-15-x1504va-bl823w-intel-core-i3-1315u-256gb-pcie-g4-ssd-8gb-ddr4-on-board-ram-intel-uhd-graphics-15.6-fhd-1920x1080-169-250nits-anti-glare-ntsc45-wide-view-windows-11-home-quiet-blue-134405880.html,https://eg.jumia.is/unsafe/fit-in/500x500/filters:fill(white)/product/51/7040431/1.jpg?7967,discrete,38299.0,,Jumia,,,0.0
88,"Asus TUF F16 Gaming Laptop, Intel® Core™ 5 210H, 8GB Ram, 512 SSD, NVIDIA® GeForce RTX™ 3050, 16""FHD+, Win 11, FX607VJ-RL805W - Mecha Gray",https://www.jumia.com.eg/asus-vivobook-15-x1504va-bl823w-intel-core-i3-1315u-256gb-pcie-g4-ssd-8gb-ddr4-on-board-ram-intel-uhd-graphics-15.6-fhd-1920x1080-169-250nits-anti-glare-ntsc45-wide-view-windows-11-home-quiet-blue-134405880.html,https://eg.jumia.is/unsafe/fit-in/500x500/filters:fill(white)/product/02/7232431/1.jpg?8803,discrete,41599.0,,Jumia,,,0.0
89,MSI NB-MSI Prestige 13 AI Evo A1MG-Intel Ultra 7 155H-13Q2 Intel Arc Graphics-16GB LPDDR5-Gen4x4 512GB NVMe PCIe SSD-13.3 OLED panel 100 DCI-P3-2Yea-9S7-13Q221-261,https://www.jumia.com.eg/asus-vivobook-15-x1504va-bl823w-intel-core-i3-1315u-256gb-pcie-g4-ssd-8gb-ddr4-on-board-ram-intel-uhd-graphics-15.6-fhd-1920x1080-169-250nits-anti-glare-ntsc45-wide-view-windows-11-home-quiet-blue-134405880.html,https://eg.jumia.is/unsafe/fit-in/500x500/filters:fill(white)/product/25/1376331/1.jpg?3440,discrete,48499.0,,Jumia,,,0.0
90,"HP LAPTOP OmniBook 5 Flip14-fp0050ne, Intel Core 5-210U, 8GB LPDDR5 5200 RAM, 512GB-SSD, Intel Iris Xe, 14 Inch Touch Flip-2K, 1920×1200, 300nits, Full size backlit keyboard, Windows11, Silver ,Free PEN & Free Game Pass 3 Months, 3 Years Warranty",https://www.jumia.com.eg/asus-vivobook-15-x1504va-bl823w-intel-core-i3-1315u-256gb-pcie-g4-ssd-8gb-ddr4-on-board-ram-intel-uhd-graphics-15.6-fhd-1920x1080-169-250nits-anti-glare-ntsc45-wide-view-windows-11-home-quiet-blue-134405880.html,https://eg.jumia.is/unsafe/fit-in/500x500/filters:fill(white)/product/25/1691431/1.jpg?0153,discrete,38777.0,,Jumia,,,0.0
91,Asus TUF Gaming F16 FX607VJB-RL165W Gaming Laptop Intel Core 5 210H 512GB SSD 16GB Ram Nvidia GeForce RTX 3050 6GB 16 inch'' FHD+ Win.11 - Mecha Gray,https://www.jumia.com.eg/asus-vivobook-15-x1504va-bl823w-intel-core-i3-1315u-256gb-pcie-g4-ssd-8gb-ddr4-on-board-ram-intel-uhd-graphics-15.6-fhd-1920x1080-169-250nits-anti-glare-ntsc45-wide-view-windows-11-home-quiet-blue-134405880.html,https://eg.jumia.is/unsafe/fit-in/500x500/filters:fill(white)/product/60/8530431/1.jpg?4516,discrete,44888.0,,Jumia,,,0.0
92,"Asus Asus Vivobook 16 X1605VA-OACH565W - Intel® Core™ i5-13420H - Intel UHD Graphics - 16GB DDR4 ( 8GB on board + 8GB SO-DIMM ) - 512GB M.2 - 16"" FHD OLED 60Hz 195% DCI-P3 300nits - Windows 11.",https://www.jumia.com.eg/asus-vivobook-15-x1504va-bl823w-intel-core-i3-1315u-256gb-pcie-g4-ssd-8gb-ddr4-on-board-ram-intel-uhd-graphics-15.6-fhd-1920x1080-169-250nits-anti-glare-ntsc45-wide-view-windows-11-home-quiet-blue-134405880.html,https://eg.jumia.is/unsafe/fit-in/500x500/filters:fill(white)/product/99/2700431/1.jpg?1653,discrete,33899.0,,Jumia,,,0.0
93,"Lenovo LOQ Laptop, AMD Ryzen™ 7 250, 16GB Ram, 512GB SSD, NVIDIA® GeForce RTX™ 5050 8GB, 15.6"" FHD, 83JG002BED - ",https://www.jumia.com.eg/asus-vivobook-15-x1504va-bl823w-intel-core-i3-1315u-256gb-pcie-g4-ssd-8gb-ddr4-on-board-ram-intel-uhd-graphics-15.6-fhd-1920x1080-169-250nits-anti-glare-ntsc45-wide-view-windows-11-home-quiet-blue-134405880.html,https://eg.jumia.is/unsafe/fit-in/500x500/filters:fill(white)/product/14/8468331/1.jpg?9938,discrete,58039.0,,Jumia,,,0.0
94,"Asus ExpertBook B1502CBA-NJ3220 Intel Core i7-1255U 512GB M.2 2280 NVMe PCIe 4.0 SSD 8GB DDR4 on board Memory Max Up to : 40GB Ram Intel Iris X Graphics 15.6"" FHD 16:9, Wide view, Anti-glare display, LED Backlit, 250nits, Dos- Star Black",https://www.jumia.com.eg/asus-vivobook-15-x1504va-bl823w-intel-core-i3-1315u-256gb-pcie-g4-ssd-8gb-ddr4-on-board-ram-intel-uhd-graphics-15.6-fhd-1920x1080-169-250nits-anti-glare-ntsc45-wide-view-windows-11-home-quiet-blue-134405880.html,https://eg.jumia.is/unsafe/fit-in/500x500/filters:fill(white)/product/18/0214431/1.jpg?0139,discrete,31199.0,,Jumia,,,0.0
95,"Asus TUF F16 Gaming Laptop, Intel® Core™ i7 14650HX, 16GB Ram, 512GB SSD, NVIDIA® GeForce RTX™ 5050, 16inch FHD+, Win 11, FX608JHR-RV057W - Jaeger Gray",https://www.jumia.com.eg/asus-vivobook-15-x1504va-bl823w-intel-core-i3-1315u-256gb-pcie-g4-ssd-8gb-ddr4-on-board-ram-intel-uhd-graphics-15.6-fhd-1920x1080-169-250nits-anti-glare-ntsc45-wide-view-windows-11-home-quiet-blue-134405880.html,https://eg.jumia.is/unsafe/fit-in/500x500/filters:fill(white)/product/71/7232431/1.jpg?8801,discrete,66559.0,,Jumia,,,0.0
96,"Asus Vivobook 15 X1504VA-BL823W Intel Core I3-1315U 256GB PCIE G4 SSD  8GB DDR4 on board Ram Intel UHD Graphics 15.6 "" FHD 1920X1080 16:9 250nits Anti-Glare NTSC:45% Wide View  Windows 11 Home - Quiet Blue",https://www.jumia.com.eg/asus-vivobook-15-x1504va-bl823w-intel-core-i3-1315u-256gb-pcie-g4-ssd-8gb-ddr4-on-board-ram-intel-uhd-graphics-15.6-fhd-1920x1080-169-250nits-anti-glare-ntsc45-wide-view-windows-11-home-quiet-blue-134405880.html,https://eg.jumia.is/unsafe/fit-in/500x500/filters:fill(white)/product/08/8504431/1.jpg?7297,discrete,22799.0,,Jumia,,,0.0
97,"MacBook Air MGN63 With 13 Inch Display, M1 Chip 8-Core CPU and 7-Core GPU | 8GB RAM | 256GB SSD | macOS | English/Arabic Space Grey",https://www.noon.com/egypt-en/macbook-air-mgn63-with-13-inch-display-m1-chip-8-core-cpu-and-7-core-gpu-8gb-ram-256gb-ssd-macos-english-arabic-space-grey/N41964615A/p/?o=bf3e37196b557c7b,https://f.nooncdn.com/p/pnsku/N41964615A/45/_/1768825891/2fa999f6-d509-4599-beeb-0d1350dfba22.jpg?width=800,discrete,38944.99,,Noon,dtechstore,4.6,
98,"(Upgraded Version) Envy x360 Convertible 2-In-1 Laptop With 15.6-Inch FHD IPS Display, Core i5-1335U Processer/8GB RAM/512GB SSD/Intel XE Graphics/Windows 11/ English Mineral Silver English Mineral Silver",https://www.noon.com/egypt-en/upgraded-version-envy-x360-convertible-2-in-1-laptop-with-15-6-inch-fhd-ips-display-core-i5-1335u-processer-8gb-ram-512gb-ssd-intel-xe-graphics-windows-11-english-mineral-silver-english-mineral-silver/N70158196V/p/?o=e44bdacfd4eaaa2f,https://f.nooncdn.com/p/pnsku/N70158196V/45/_/1741002609/8c72e0dd-ba5c-488d-8eca-93617bd3fd89.jpg?width=800,discrete,37999.0,,Noon,Egypt Laptop,5.0,
99,"Renewed EliteBook 840 G6 Laptop With 14.1-Inch Display, Core i5 Processor/8GB RAM/256GB SSD/Intel UHD Graphics Silver",https://www.noon.com/egypt-en/renewed-elitebook-840-g6-laptop-with-14-1-inch-display-core-i5-processor-8gb-ram-256gb-ssd-intel-uhd-graphics-silver/N40339147A/p/?o=c683d16224807f8c,https://f.nooncdn.com/p/v1600075142/N40339147A_1.jpg?width=800,discrete,20900.0,,Noon,,4.1,
100,MacBook Pro MDE04 | 14 Inch Display | Apple M5 Chip | 10-Core CPU And 10-Core GPU | 16GB RAM | 512GB SSD | macOS | English Keyboard | International Version | English Space Black,https://www.noon.com/egypt-en/macbook-pro-mde04-14-inch-display-apple-m5-chip-10-core-cpu-and-10-core-gpu-16gb-ram-512gb-ssd-macos-english-keyboard-international-version-english-space-black/N70248386V/p/?o=a323c074d2bd50af,https://f.nooncdn.com/p/pnsku/N70248386V/45/_/1764242114/a46b0fdb-72db-4bc1-a5aa-569022495a78.jpg?width=800,discrete,94998.95,,Noon,dtechstore,4.5,
101,"Renewed Latitude 5500 Laptop With 15.6-Inch Full HD Display, Core i7 Processor/8GB RAM/256GB SSD/Intel UHD Graphics/Windows 10 /International Version English Black",https://www.noon.com/egypt-en/renewed-latitude-5500-laptop-with-15-6-inch-full-hd-display-core-i7-processor-8gb-ram-256gb-ssd-intel-uhd-graphics-windows-10-international-version-english-black/N41338406A/p/?o=f3a181288b167f4c,https://f.nooncdn.com/p/v1612966237/N41338406A_1.jpg?width=800,discrete,22500.0,,Noon,,4.0,
102,MacBook Pro MDE34 | 14 Inch Display | Apple M5 Chip | 10-Core CPU And 10-Core GPU | 24GB RAM | 1TB SSD | macOS | English Keyboard | International Version | English Space Black,https://www.noon.com/egypt-en/macbook-pro-mde34-14-inch-display-apple-m5-chip-10-core-cpu-and-10-core-gpu-24gb-ram-1tb-ssd-macos-english-keyboard-international-version-english-space-black/N70248384V/p/?o=e3d59f2864aa669c,https://f.nooncdn.com/p/pnsku/N70248384V/45/_/1764242086/4a7b8981-21fe-4223-8d53-873cadf7aabf.jpg?width=800,discrete,119998.95,,Noon,Simple,4.5,
103,"(Upgraded Version) EliteBook 840 G8 With 14-Inch Full HD Display, Intel Core i5 processor/8GB RAM/256GB SSD/Intel Intergrated Graphics/ Windows 10 English Silver English Silver",https://www.noon.com/egypt-en/upgraded-version-elitebook-840-g8-with-14-inch-full-hd-display-intel-core-i5-processor-8gb-ram-256gb-ssd-intel-intergrated-graphics-windows-10-english-silver-english-silver/N50854932A/p/?o=ce11c7d346ed496c,https://f.nooncdn.com/p/v1649227945/N50854932A_1.jpg?width=800,discrete,32850.0,,Noon,,2.8,
104,Renewed Latitude 7480 Laptop With 14-Inch Full HD Display Intel Core i5 Processor/8GB RAM/256GB SSD/Intel HD Graphics 520/Windows 10/International Version English Black,https://www.noon.com/egypt-en/renewed-latitude-7480-laptop-with-14-inch-full-hd-display-intel-core-i5-processor-8gb-ram-256gb-ssd-intel-hd-graphics-520-windows-10-international-version-english-black/N14163861A/p/?o=ea3caeb410176ddb,https://f.nooncdn.com/p/v1649432297/N14163861A_1.jpg?width=800,discrete,17232.0,,Noon,,4.0,
105,MacBook Pro MX2H3 | 14.2 Inch Display | Apple M4 Pro Chip | 12-Core CPU 16-Core GPU | 24GB RAM | 512GB SSD | macOS | English Keyboard | English Space Black,https://www.noon.com/egypt-en/macbook-pro-mx2h3-14-2-inch-display-apple-m4-pro-chip-12-core-cpu-16-core-gpu-24gb-ram-512gb-ssd-macos-english-keyboard-english-space-black/N70125918V/p/?o=b985a84e01261fac,https://f.nooncdn.com/p/pnsku/N70125918V/45/_/1739178983/65552e5e-aef4-465a-90ef-64f6514d3d86.jpg?width=800,discrete,111724.0,,Noon,,4.5,
106,"Renewed Latitude 7490 Laptop With 14-Inch Display, Core i5 Processor/8GB RAM/256GB SSD/Intel Integrated UHD Graphics 620 Black",https://www.noon.com/egypt-en/renewed-latitude-7490-laptop-with-14-inch-display-core-i5-processor-8gb-ram-256gb-ssd-intel-integrated-uhd-graphics-620-black/N29602621A/p/?o=b18c8f502b50c12b,https://f.nooncdn.com/p/pnsku/N29602621A/45/_/1760971696/5167b80c-4fb5-45e3-88c9-a44c246d1faa.jpg?width=800,discrete,18000.0,,Noon,,3.6,
107,"IdeaPad 5 Laptop With 15.6-Inch Display, Core i5-1235U Processor/16GB RAM/512GB SSD/2GB NVIDIA GeForce MX550 Graphics Card/Windows 11 Home English/Arabic Storm Grey",https://www.noon.com/egypt-en/ideapad-5-laptop-with-15-6-inch-display-core-i5-1235u-processor-16gb-ram-512gb-ssd-2gb-nvidia-geforce-mx550-graphics-card-windows-11-home-english-arabic-storm-grey/N70048443V/p/?o=b3aa78e1e41a164c,https://f.nooncdn.com/p/pnsku/N70048443V/45/_/1716874624/5b1d115d-5a60-4000-8d36-381c094442e0.jpg?width=800,discrete,34500.0,,Noon,,4.7,
108,"Renewed EliteBook 840 G6 Laptop With 14-Inch Display, Core i5 Processer/8GB RAM/256GB SSD/Intel UHD Graphics Windows 10 Pro Silver",https://www.noon.com/egypt-en/renewed-elitebook-840-g6-laptop-with-14-inch-display-core-i5-processer-8gb-ram-256gb-ssd-intel-uhd-graphics-windows-10-pro-silver/N43724593A/p/?o=d814b1628757173f,https://f.nooncdn.com/p/v1611725309/N43724593A_1.jpg?width=800,discrete,23800.0,,Noon,,4.1,
109,MacBook Air MRXW3 | 13 Inch Display | Apple M3 Chip | 8-Core CPU and 10-Core GPU | 8GB RAM | 512GB SSD | macOS | English Keyboard | International Version | Midnight,https://www.noon.com/egypt-en/macbook-air-mrxw3-13-inch-display-apple-m3-chip-8-core-cpu-and-10-core-gpu-8gb-ram-512gb-ssd-macos-english-keyboard-international-version-midnight/N70051920V/p/?o=f8e3c5879356f9cb,https://f.nooncdn.com/p/pnsku/N70051920V/45/_/1710144336/e5620327-cd0e-4380-b128-8324917f3520.jpg?width=800,discrete,51999.0,,Noon,,4.7,
110,"Renewed EliteBook 840G8-I5-ONL Laptop With 14-inch Display, Core i5-1135G7 Processer/8GB RAM/256GB SSD/Intel Iris XE Graphics / English/Arabic Silver",https://www.noon.com/egypt-en/renewed-elitebook-840g8-i5-onl-laptop-with-14-inch-display-core-i5-1135g7-processer-8gb-ram-256gb-ssd-intel-iris-xe-graphics-english-arabic-silver/N53339173A/p/?o=b2ff841eaa1f813f,https://f.nooncdn.com/p/v1659675680/N53339173A_1.jpg?width=800,discrete,34188.0,,Noon,,4.1,
111,LAPTOP LENOVO LEGION 5 15IAX10 Intel Core Ultra 9 275HX RAM (2*16 ) 32G DDR5 5600 HDD 1T SSD M2 NVME VGA NVIDIA GeForce RTX 5070 8GB GDDR7 15.1 WQXGA (2560x1600) OLED 165 HZ DOS 2 YEAR WARRENTY 83F00072ED English/Arabic Eclipse Black,https://www.noon.com/egypt-en/laptop-lenovo-legion-5-15iax10-intel-core-ultra-9-275hx-ram-2-16-32g-ddr5-5600-hdd-1t-ssd-m2-nvme-vga-nvidia-geforce-rtx-5070-8gb-gddr7-15-1-wqxga-2560x1600-oled-165-hz-dos-2-year-warrenty-83f00072ed-english-arabic-eclipse-black/N70269989V/p/?o=ac2d39434a41460f,https://f.nooncdn.com/p/pnsku/N70269989V/45/_/1766077839/31294662-f7cf-41da-a82b-65d967302caf.jpg?width=800,discrete,99732.0,,Noon,,3.8,
112,"(Upgraded Version) Latitude 5300 Laptop With 13.3-Inch Full HD Display, Core i7 Processor/16GB RAM/512GB SSD/Intel UHD Graphics 620/International Version/Windows 11 English Black",https://www.noon.com/egypt-en/upgraded-version-latitude-5300-laptop-with-13-3-inch-full-hd-display-core-i7-processor-16gb-ram-512gb-ssd-intel-uhd-graphics-620-international-version-windows-11-english-black/N43749650A/p/?o=e8866a03b4e9f9bb,https://f.nooncdn.com/p/v1649578157/N43749650A_1.jpg?width=800,discrete,18600.0,,Noon,,3.6,
113,MacBook Air MRXP3 | 13 Inch Display | Apple M3 Chip | 8-Core CPU and 10-Core GPU | 8GB RAM | 512GB SSD | macOS | English Keyboard | International Version | Space Grey,https://www.noon.com/egypt-en/macbook-air-mrxp3-13-inch-display-apple-m3-chip-8-core-cpu-and-10-core-gpu-8gb-ram-512gb-ssd-macos-english-keyboard-international-version-space-grey/N70051931V/p/?o=b484b65bbd19473d,https://f.nooncdn.com/p/pnsku/N70051931V/45/_/1710144320/102b31bb-b983-4bfe-b842-749abb6b5eaf.jpg?width=800,discrete,51999.0,,Noon,,4.7,
114,"(Upgraded Version) Latitude 7490 Laptop With 14.1-Inch Full HD Display, Core i7 Processor/16GB RAM/512GB SSD/Intel UHD Graphics/Windows 10 /International Version English Black",https://www.noon.com/egypt-en/upgraded-version-latitude-7490-laptop-with-14-1-inch-full-hd-display-core-i7-processor-16gb-ram-512gb-ssd-intel-uhd-graphics-windows-10-international-version-english-black/N35318918A/p/?o=cbfb964e6b08bf1a,https://f.nooncdn.com/p/v1583306757/N35318918A_1.jpg?width=800,discrete,31019.0,,Noon,,3.6,
115,LAPTOP LENOVO LOQ 15AHP10 AMD RYZEN 7 250 RAM 16G DDR5 5600 512 SSD M2 NVME VGA NVIDIA RTX 5060 8G DDR7 15.6 FHD 144HZ 2 YEARS WARRENTY 83JG0095ED English/Arabic luna grey,https://www.noon.com/egypt-en/laptop-lenovo-loq-15ahp10-amd-ryzen-7-250-ram-16g-ddr5-5600-512-ssd-m2-nvme-vga-nvidia-rtx-5060-8g-ddr7-15-6-fhd-144hz-2-years-warrenty-83jg0095ed-english-arabic-luna-grey/N70269987V/p/?o=b57f7564454337ad,https://f.nooncdn.com/p/pnsku/N70269987V/45/_/1766080623/9dedbac5-29ad-4fa3-b0fd-8315f4e12bfe.jpg?width=800,discrete,58999.0,,Noon,,2.4,
116,"Latitude 7400 Laptop With 14-Inch Full HD Display, Core i5 Proessor/8GB DDR4/256GB SSD/Intel UHD Graphics/Windows 10 Pro 620 /International Version English Black",https://www.noon.com/egypt-en/latitude-7400-laptop-with-14-inch-full-hd-display-core-i5-proessor-8gb-ddr4-256gb-ssd-intel-uhd-graphics-windows-10-pro-620-international-version-english-black/N40045166A/p/?o=b5ba18f3dabec26f,https://f.nooncdn.com/p/v1645197504/N40045166A_1.jpg?width=800,discrete,12400.0,,Noon,,3.2,
117,"ThinkPad E16 Gen 3 Business Laptop With 16-Inch WUXGA Display,Core Ultra 7 255H Processor/16GB RAM/512GB SSD/Intel Arc Graphics/Windows 11 Pro English black",https://www.noon.com/egypt-en/thinkpad-e16-gen-3-business-laptop-with-16-inch-wuxga-display-core-ultra-7-255h-processor-16gb-ram-512gb-ssd-intel-arc-graphics-windows-11-pro-english-black/N70254784V/p/?o=eb4fb1d75c3e2b8b,https://f.nooncdn.com/p/pnsku/N70254784V/45/_/1762251032/68e73889-3243-4980-aa8a-b1f256e41e51.jpg?width=800,discrete,60217.0,,Noon,,3.8,
118,"Renewed Latitude 7480 Laptop With 14-Inch Full HD Display, Core i7 Processor/16GB RAM/512GB SSD/Intel HD Graphics 650/Windows 10 /International Version English Black",https://www.noon.com/egypt-en/renewed-latitude-7480-laptop-with-14-inch-full-hd-display-core-i7-processor-16gb-ram-512gb-ssd-intel-hd-graphics-650-windows-10-international-version-english-black/N14163874A/p/?o=d39ed3512bfa6fdd,https://f.nooncdn.com/p/v1649657819/N14163874A_1.jpg?width=800,discrete,18400.0,,Noon,,3.2,
119,MacBook Air MC6T4 | 13 Inch Display | Apple M4 Chip | 10-Core CPU 8-Core GPU | 16GB RAM | 256GB SSD | macOS | English Keyboard | International Version | English Sky Blue,https://www.noon.com/egypt-en/macbook-air-mc6t4-13-inch-display-apple-m4-chip-10-core-cpu-8-core-gpu-16gb-ram-256gb-ssd-macos-english-keyboard-international-version-english-sky-blue/N70154913V/p/?o=d8c66638cbb451bc,https://f.nooncdn.com/p/pnsku/N70154913V/45/_/1764242392/fdea9e2a-68e2-44b4-955c-79f99d53f961.jpg?width=800,discrete,59431.0,,Noon,,4.6,
120,"Latitude 7490 Laptop With 14-Inch Display, Core i5-8350U Processor/8GB RAM/512GB SSD/Integrated Graphics/Windows 11 Pro english Black",https://www.noon.com/egypt-en/latitude-7490-laptop-with-14-inch-display-core-i5-8350u-processor-8gb-ram-512gb-ssd-integrated-graphics-windows-11-pro-english-black/N53429500A/p/?o=c37c0ac50825156c,https://f.nooncdn.com/p/v1692628209/N53429500A_4.jpg?width=800,discrete,20650.0,,Noon,,3.6,
121,"MacBook Neo | 13-Inch Display | A18 Pro, 6-core CPU, 5-core GPU, 16-core Neural Engine Processor | 8GB RAM | 256GB SSD| English And Arabic Keyboard | Blush",https://www.noon.com/egypt-en/macbook-neo-13-inch-display-a18-pro-6-core-cpu-5-core-gpu-16-core-neural-engine-processor-8gb-ram-256gb-ssd-english-and-arabic-keyboard-blush/N70305937V/p/?o=fdcc42fd87dc451e,https://f.nooncdn.com/p/pnsku/N70305937V/45/_/1773292690/3beb2701-a409-478f-a63e-442b46065d5c.jpg?width=800,discrete,44000.0,,Noon,,4.8,
122,"Renewed HP EliteBook 840 G6 | Intel Core i7-8th GEN(U) | 14"" inch | RAM 8G| Hardisk 256G | With Bag English Silver",https://www.noon.com/egypt-en/renewed-hp-elitebook-840-g6-intel-core-i7-8th-gen-u-14-inch-ram-8g-hardisk-256g-with-bag-english-silver/N70192973V/p/?o=e3c21916d9785c6c,https://f.nooncdn.com/p/pnsku/N70192973V/45/_/1759414932/1fbbcef3-ca1e-42e9-bdd2-56e578046680.jpg?width=800,discrete,22199.0,,Noon,,4.1,
123,LAPTOP LENOVO LOQ ESSENTIAL 15IRX11 CPU I7 13650 HX RAM 16G DDR5 4800 HDD 512 SSD M2 NVME VGA NIVIDIA RTX5050 8G DDR7 15.6 FHD 144HZ WIN 11 HOME 2 YEARS WARRANTY 83SC001NED English/Arabic luna grey,https://www.noon.com/egypt-en/laptop-lenovo-loq-essential-15irx11-cpu-i7-13650-hx-ram-16g-ddr5-4800-hdd-512-ssd-m2-nvme-vga-nividia-rtx5050-8g-ddr7-15-6-fhd-144hz-win-11-home-2-years-warranty-83sc001ned-english-arabic-luna-grey/N70269988V/p/?o=b5a20809e4e27e9f,https://f.nooncdn.com/p/pnsku/N70269988V/45/_/1766080574/ac5baaf7-7ce4-4182-8ea5-ed942f6cb001.jpg?width=800,discrete,60999.0,,Noon,,3.8,
124,"Latitude 5300 (Upgraded Version) Laptop With 13.3-Inch Display, Core i5 Processer/16GB RAM/512GB SSD/Intel UHD Graphics Windows 10 Pro English/Arabic Black",https://www.noon.com/egypt-en/latitude-5300-upgraded-version-laptop-with-13-3-inch-display-core-i5-processer-16gb-ram-512gb-ssd-intel-uhd-graphics-windows-10-pro-english-arabic-black/N51073500A/p/?o=c9ad6d92f368bcdf,https://f.nooncdn.com/p/v1633261332/N51073500A_1.jpg?width=800,discrete,17000.0,,Noon,,3.6,
125,MacBook Air MW123 | 13 Inch Display | Apple M4 Chip | 10-Core CPU 8-Core GPU | 16GB RAM | 256GB SSD | macOS | English Keyboard | International Version | Midnight,https://www.noon.com/egypt-en/macbook-air-mw123-13-inch-display-apple-m4-chip-10-core-cpu-8-core-gpu-16gb-ram-256gb-ssd-macos-english-keyboard-international-version-midnight/N70154912V/p/?o=ebda150932b95f1a,https://f.nooncdn.com/p/pnsku/N70154912V/45/_/1764242436/53542bc9-b94c-42ce-835b-ceccbc69fd5d.jpg?width=800,discrete,62000.0,,Noon,,4.6,
126,"Latitude 7490 With 14-InchDisplay, Core i7 Processor/8GB RAM/256GB SSD/Integrated Graphic Card Black",https://www.noon.com/egypt-en/latitude-7490-with-14-inchdisplay-core-i7-processor-8gb-ram-256gb-ssd-integrated-graphic-card-black/N31325969A/p/?o=bace3a797b3107dc,https://f.nooncdn.com/p/v1610365567/N31325969A_1.jpg?width=800,discrete,26300.0,,Noon,,3.6,
127,"(Upgraded Version) Victus 15-fa2013dx Gaming Laptop, 15.6"" FHD 144Hz Display, Intel Core i5-13420H, 8GB RAM, 512GB SSD, GeForce RTX 3050 6GB GPU, Keyboard, Windows 11 Home, English Mica Silver",https://www.noon.com/egypt-en/upgraded-version-victus-15-fa2013dx-gaming-laptop-15-6-fhd-144hz-display-intel-core-i5-13420h-8gb-ram-512gb-ssd-geforce-rtx-3050-6gb-gpu-keyboard-windows-11-home-english-mica-silver/N70190800V/p/?o=fc4a15be1a8b4c5a,https://f.nooncdn.com/p/pnsku/N70190800V/45/_/1751867611/e34a010d-b4bd-41c8-aab6-1f64e40319a6.jpg?width=800,discrete,41000.0,,Noon,,3.1,
128,"Renewed Lattitude 7490 (Upgraded Version) Laptop With 14-Inch Display, Core i7 Processor/16 GB RAM/512GB HDD/Intel UHD Graphic Card Black",https://www.noon.com/egypt-en/renewed-lattitude-7490-upgraded-version-laptop-with-14-inch-display-core-i7-processor-16-gb-ram-512gb-hdd-intel-uhd-graphic-card-black/N25816509A/p/?o=c4ab6d4465d22ccb,https://f.nooncdn.com/p/v1596474467/N25816509A_1.jpg?width=800,discrete,20650.0,,Noon,,3.6,
129,"MacBook Air MW123 With 13 Inch Display, M4 Chip 10-Core CPU 8-Core GPU | 16GB RAM | 256GB SSD | macOS | English/Arabic Midnight",https://www.noon.com/egypt-en/macbook-air-mw123-with-13-inch-display-m4-chip-10-core-cpu-8-core-gpu-16gb-ram-256gb-ssd-macos-english-arabic-midnight/N70154925V/p/?o=aeb7f811e8d67bbe,https://f.nooncdn.com/p/pnsku/N70154925V/45/_/1764242202/b617c2b9-5a4e-4d48-a310-499efb5b0984.jpg?width=800,discrete,63000.0,,Noon,,4.6,
130,"Renewed Latitude 7480 With 14-Inch Display, Core i7 Processor/8GB RAM/256GB SSD/Intel HD Graphics 620 Windows 10 Pro Black",https://www.noon.com/egypt-en/renewed-latitude-7480-with-14-inch-display-core-i7-processor-8gb-ram-256gb-ssd-intel-hd-graphics-620-windows-10-pro-black/N13133931A/p/?o=e4527d9b9b51598a,https://f.nooncdn.com/p/v1516259656/N13133931A_1.jpg?width=800,discrete,15500.0,,Noon,,3.6,
131,ROG Strix SCAR 18 G835LR-AI3201W - 90NR0LS1-M00200 - Ultra 9 275HX - 1TB SSD - 32GB -18 Inch 2.5K 240Hz - GeForce RTX 5070 Ti 12GB - Win 11 - Off Black,https://www.noon.com/egypt-en/rog-strix-scar-18-g835lr-ai3201w-90nr0ls1-m00200-ultra-9-275hx-1tb-ssd-32gb-18-inch-2-5k-240hz-geforce-rtx-5070-ti-12gb-win-11-off-black/N70306759V/p/?o=f9c0aa14d9a1a8ee,https://f.nooncdn.com/p/pnsku/N70306759V/45/_/1772975395/1627a55e-fa6e-4b22-a135-742e014f5651.jpg?width=800,discrete,183999.0,,Noon,,5.0,
132,"Renewed Latitude 7480 With 14-Inch HD Display, Core i5 Processor/8GB RAM/256GB SSD/Intel UHD Graphics /International Version Windows 10 Grey English Grey",https://www.noon.com/egypt-en/renewed-latitude-7480-with-14-inch-hd-display-core-i5-processor-8gb-ram-256gb-ssd-intel-uhd-graphics-international-version-windows-10-grey-english-grey/N13133923A/p/?o=f306412eadd6a25c,https://f.nooncdn.com/p/v1649749552/N13133923A_1.jpg?width=800,discrete,19195.0,,Noon,,2.6,
133,"Aspire 5 A515 Intel Core i5-1235U, 8GB Ram, 512GB SSD M.2, NVIDIA GeForce RTX 2050 4GB DDR6 Graphics, 15.6-inch Full HD Display 1920x1080, IPS - Free Dos - Steel Gray English/Arabic steel gray",https://www.noon.com/egypt-en/aspire-5-a515-intel-core-i5-1235u-8gb-ram-512gb-ssd-m-2-nvidia-geforce-rtx-2050-4gb-ddr6-graphics-15-6-inch-full-hd-display-1920x1080-ips-free-dos-steel-gray-english-arabic-steel-gray/N70133438V/p/?o=cf266f9291dd169d,https://f.nooncdn.com/p/pnsku/N70133438V/45/_/1733385674/57e26110-da5f-476b-99f6-917fc0c85968.jpg?width=800,discrete,29943.0,,Noon,,4.2,
134,"Renewed Latitude 5500 Business And Professional Laptop With 15.6-Inch Full HD Antiglare Display, Core i5-8265U Processor/16GB RAM/512GB SSD/Intel UHD Graphics 620/Windows 11 With Bag English Black",https://www.noon.com/egypt-en/renewed-latitude-5500-business-and-professional-laptop-with-15-6-inch-full-hd-antiglare-display-core-i5-8265u-processor-16gb-ram-512gb-ssd-intel-uhd-graphics-620-windows-11-with-bag-english-black/N53335919A/p/?o=abae59c2f6035a5d,https://f.nooncdn.com/p/v1659608249/N53335919A_1.jpg?width=800,discrete,21000.0,,Noon,,3.5,
135,"MacBook Air MC6T4 With 13 Inch Display, M4 Chip 10-Core CPU 8-Core GPU | 16GB RAM | 256GB SSD | macOS | English/Arabic Sky Blue",https://www.noon.com/egypt-en/macbook-air-mc6t4-with-13-inch-display-m4-chip-10-core-cpu-8-core-gpu-16gb-ram-256gb-ssd-macos-english-arabic-sky-blue/N70154926V/p/?o=b60006358421795e,https://f.nooncdn.com/p/pnsku/N70154926V/45/_/1764242498/76803adf-b6e2-4a30-826d-81d6b650f3db.jpg?width=800,discrete,63000.0,,Noon,,4.6,
136,"Latitude 7480 Laptop With 14-Inch Display, Core i7 Processor/8GB RAM/256GB SSD/Intel HD Graphics 620 Black",https://www.noon.com/egypt-en/latitude-7480-laptop-with-14-inch-display-core-i7-processor-8gb-ram-256gb-ssd-intel-hd-graphics-620-black/N35188830A/p/?o=b0e69573c11d995d,https://f.nooncdn.com/p/v1582956423/N35188830A_1.jpg?width=800,discrete,22000.0,,Noon,,3.6,
137,Lenovo LOQ 15IAX9E Core i5-12450HX 512GB SSD 16GB Ram Nvidia GeForce RTX 2050 4GB GDDR6 15.6 Inch FHD - Luna Grey - 83LK0062ED - 2Y English/Arabic Luna Grey,https://www.noon.com/egypt-en/lenovo-loq-15iax9e-core-i5-12450hx-512gb-ssd-16gb-ram-nvidia-geforce-rtx-2050-4gb-gddr6-15-6-inch-fhd-luna-grey-83lk0062ed-2y-english-arabic-luna-grey/N70202375V/p/?o=fee236740fab4d8a,https://f.nooncdn.com/p/pnsku/N70202375V/45/_/1757584048/84bc1e6d-1462-4394-b956-b4a0ec08cbb8.jpg?width=800,discrete,36600.0,,Noon,,5.0,
138,"(Upgraded Version) Lattitude Laptop With 14-Inch Display, Core i7 Processer/16GB RAM/512GB SSD/Intel UHD Graphics Windows 10 Black Black",https://www.noon.com/egypt-en/upgraded-version-lattitude-laptop-with-14-inch-display-core-i7-processer-16gb-ram-512gb-ssd-intel-uhd-graphics-windows-10-black-black/N43722163A/p/?o=f9f1d65fea2a13ee,https://f.nooncdn.com/p/v1612073701/N43722163A_1.jpg?width=800,discrete,19750.0,,Noon,,3.1,
139,"(Upgraded Version) TUF A16 FA608PM Gaming Laptop With 16-Inch WUXGA IPS 165Hz Display, AMD Ryzen 9 8940HX Processor/16GB RAM/1TB SSD/8GB GeForce RTX 5060 Graphics Card/Windows 11 International Jaeger International English Jaeger Gray",https://www.noon.com/egypt-en/upgraded-version-tuf-a16-fa608pm-gaming-laptop-with-16-inch-wuxga-ips-165hz-display-amd-ryzen-9-8940hx-processor-16gb-ram-1tb-ssd-8gb-geforce-rtx-5060-graphics-card-windows-11-international-jaeger-international-english-jaeger-gray/N70245773V/p/?o=dc756f139b97419c,https://f.nooncdn.com/p/pnsku/N70245773V/45/_/1760099425/491951af-e219-4a10-8a6f-34384d9acc98.jpg?width=800,discrete,78048.0,,Noon,,5.0,
140,(Upgraded Version) Latitude 7420 14 inch Full HD Core i5-1145G7 8 GB RAM 512 GB SSD Intel Iris Xe Graphics Integrated-Windows English/Arabic Black English/Arabic Black,https://www.noon.com/egypt-en/upgraded-version-latitude-7420-14-inch-full-hd-core-i5-1145g7-8-gb-ram-512-gb-ssd-intel-iris-xe-graphics-integrated-windows-english-arabic-black-english-arabic-black/N53067341A/p/?o=c1d7d39773793d4f,https://f.nooncdn.com/p/v1649235363/N53067341A_1.jpg?width=800,discrete,29100.0,,Noon,,3.6,
141,"Legion Pro 5 16IRX9 (Upgraded Version) Laptop With 16-Inch Display, Core i7-14650HX Processor/16GB RAM/1TB SSD/Nvidia GeForce RTX 4060 Graphics Card/Windows 11 English/Arabic Black",https://www.noon.com/egypt-en/legion-pro-5-16irx9-upgraded-version-laptop-with-16-inch-display-core-i7-14650hx-processor-16gb-ram-1tb-ssd-nvidia-geforce-rtx-4060-graphics-card-windows-11-english-arabic-black/N70044731V/p/?o=b25a1c4529711f8c,https://f.nooncdn.com/p/pnsku/N70044731V/45/_/1707303830/d03e2a47-6bb6-4871-a805-eee7fd3d0612.jpg?width=800,discrete,79500.0,,Noon,,4.8,
142,(Upgraded Version) Latitude 7420 14 inch Full HD Intel Core i7-1185G7/16 GB RAM/512 GB SSD/Intel Iris Xe Graphics Integrated/Windows/International Version English/Arabic Black English/Arabic Black,https://www.noon.com/egypt-en/upgraded-version-latitude-7420-14-inch-full-hd-intel-core-i7-1185g7-16-gb-ram-512-gb-ssd-intel-iris-xe-graphics-integrated-windows-international-version-english-arabic-black-english-arabic-black/N53067340A/p/?o=bdbd49ce982094fc,https://f.nooncdn.com/p/v1656599535/N53067340A_1.jpg?width=800,discrete,40650.0,,Noon,,3.3,
143,"Msi Katana 15 HX 14XWGK Gaming Laptop Intel Core I9-14900HX 1TB SSD 16GB DDR5 Ram Nvidia GeForce RTX 5070 8GB 15.6"" QHD (2560*1440), 165Hz DCI-P3 100% typical Windows 11 - Black black",https://www.noon.com/egypt-en/msi-katana-15-hx-14xwgk-gaming-laptop-intel-core-i9-14900hx-1tb-ssd-16gb-ddr5-ram-nvidia-geforce-rtx-5070-8gb-15-6-qhd-2560-1440-165hz-dci-p3-100-typical-windows-11-black-black/N70284029V/p/?o=f9038aa1176195af,https://f.nooncdn.com/p/5c6e95c6bee35f1da03dc4d761e34074%7Cpzsku/ZD1100772852FB90E073DZ/45/1769946805/18b6c2b6-e6ef-4b12-8be2-21fcbb25dd0b.jpg?width=800,discrete,84999.0,,Noon,,4.3,
144,"Latitude 5300 (Upgraded Version) Laptop With 13.3-Inch Display, Core i5 Processer/16GB RAM/512GB SSD/Intel UHD Graphics /Windows 10 Pro English Black",https://www.noon.com/egypt-en/latitude-5300-upgraded-version-laptop-with-13-3-inch-display-core-i5-processer-16gb-ram-512gb-ssd-intel-uhd-graphics-windows-10-pro-english-black/N51072875A/p/?o=dee77ace2b5979bd,https://f.nooncdn.com/p/v1633261332/N51072875A_1.jpg?width=800,discrete,18954.0,,Noon,,3.6,
145,MacBook Pro MDE44 | 14 Inch Display | Apple M5 Chip | 10-Core CPU And 10-Core GPU | 16GB RAM | 512GB SSD | macOS | English Keyboard | International Version | English Silver,https://www.noon.com/egypt-en/macbook-pro-mde44-14-inch-display-apple-m5-chip-10-core-cpu-and-10-core-gpu-16gb-ram-512gb-ssd-macos-english-keyboard-international-version-english-silver/N70248383V/p/?o=e73e52d94953f7ef,https://f.nooncdn.com/p/pnsku/N70248383V/45/_/1764242126/75350e21-acc7-495c-a1ed-19b2419c8dd1.jpg?width=800,discrete,98837.6,,Noon,,4.5,
146,(Upgraded Version) Latitude 5520 Laptop With 15.6-Inch Full HD Display/Core i5 Processor/8GB RAM/512GB SSD/Integrated Graphics - DOS(Without windows) /International Version / English/Arabic Silver,https://www.noon.com/egypt-en/upgraded-version-latitude-5520-laptop-with-15-6-inch-full-hd-display-core-i5-processor-8gb-ram-512gb-ssd-integrated-graphics-dos-without-windows-international-version-english-arabic-silver/N52088006A/p/?o=a59112adfd04e67b,https://f.nooncdn.com/p/v1638768761/N52088006A_1.jpg?width=800,discrete,26500.0,,Noon,,3.6,
